Date,Plot ID,Treatment Type,ExG,Total Soil Moisture,Irrigation Added (gallons),Rainfall (gallons),ET0 (mm),Heat Index (F),Canopy Cover (CC),Kc (Crop Coeffecient)
2023-05-01,27,DICT,NA,NA,NA,0,NA,NA,NA,NA
2023-05-02,27,DICT,NA,NA,NA,906.336,NA,NA,NA,NA
2023-05-03,27,DICT,NA,NA,NA,5060.376,NA,NA,NA,NA
2023-05-04,27,DICT,NA,NA,NA,0,NA,NA,NA,NA
2023-05-05,27,DICT,NA,NA,NA,0,NA,NA,NA,NA
2023-05-06,27,DICT,NA,NA,NA,0,NA,NA,NA,NA
2023-05-07,27,DICT,NA,226.2333333,NA,0,NA,NA,NA,NA
2023-05-08,27,DICT,NA,217.3,NA,0,NA,88.45906378,NA,NA
2023-05-09,27,DICT,NA,209.9666667,NA,0,NA,84.76233979,NA,NA
2023-05-10,27,DICT,NA,NA,NA,0,NA,NA,NA,NA
2023-05-11,27,DICT,-0.04421578,NA,NA,3952.632,NA,NA,0,-0.148
2023-05-12,27,DICT,NA,NA,NA,0,NA,NA,NA,NA
2023-05-13,27,DICT,NA,NA,NA,4531.68,NA,NA,NA,NA
2023-05-14,27,DICT,NA,NA,NA,855.984,NA,NA,NA,NA
2023-05-15,27,DICT,NA,NA,NA,0,NA,NA,NA,NA
2023-05-16,27,DICT,NA,NA,NA,0,NA,NA,NA,NA
2023-05-17,27,DICT,-0.036381861,NA,NA,50.352,NA,NA,0,-0.148
2023-05-18,27,DICT,NA,NA,NA,0,NA,NA,NA,NA
2023-05-19,27,DICT,NA,NA,NA,352.464,NA,NA,NA,NA
2023-05-20,27,DICT,NA,NA,NA,0,NA,NA,NA,NA
2023-05-21,27,DICT,NA,NA,NA,503.52,NA,NA,NA,NA
2023-05-22,27,DICT,NA,NA,NA,6520.584,NA,NA,NA,NA
2023-05-23,27,DICT,-0.041540221,NA,NA,1283.976,NA,NA,0,-0.148
2023-05-24,27,DICT,NA,NA,NA,0,NA,NA,NA,NA
2023-05-25,27,DICT,NA,NA,NA,5337.312,NA,NA,NA,NA
2023-05-26,27,DICT,NA,NA,NA,3826.752,NA,NA,NA,NA
2023-05-27,27,DICT,NA,NA,NA,3197.352,NA,NA,NA,NA
2023-05-28,27,DICT,NA,NA,NA,2769.36,NA,NA,NA,NA
2023-05-29,27,DICT,NA,NA,NA,0,NA,NA,NA,NA
2023-05-30,27,DICT,NA,NA,NA,0,NA,NA,NA,NA
2023-05-31,27,DICT,NA,NA,NA,276.936,NA,NA,NA,NA
2023-06-01,27,DICT,NA,NA,NA,1686.792,NA,NA,NA,NA
2023-06-02,27,DICT,NA,NA,NA,1812.672,NA,NA,NA,NA
2023-06-03,27,DICT,NA,NA,NA,2114.784,NA,NA,NA,NA
2023-06-04,27,DICT,NA,NA,NA,50.352,NA,NA,NA,NA
2023-06-05,27,DICT,NA,NA,NA,75.528,NA,NA,NA,NA
2023-06-06,27,DICT,NA,NA,NA,0,NA,NA,NA,NA
2023-06-07,27,DICT,NA,224.144,NA,2719.008,NA,NA,NA,NA
2023-06-08,27,DICT,NA,214.2,NA,0,NA,87.45687746,NA,NA
2023-06-09,27,DICT,-0.03038338,NA,NA,0,NA,NA,0,-0.148
2023-06-10,27,DICT,NA,NA,NA,0,NA,NA,NA,NA
2023-06-11,27,DICT,NA,NA,NA,0,NA,NA,NA,NA
2023-06-12,27,DICT,NA,NA,NA,0,NA,NA,NA,NA
2023-06-13,27,DICT,-0.015595081,236.3833333,NA,0,NA,NA,0,-0.148
2023-06-14,27,DICT,NA,235.4583333,NA,0,NA,NA,NA,NA
2023-06-15,27,DICT,NA,234.3,NA,0,NA,NA,NA,NA
2023-06-16,27,DICT,NA,233.1458333,NA,0,NA,NA,NA,NA
2023-06-17,27,DICT,NA,232.2086957,NA,0,NA,NA,NA,NA
2023-06-18,27,DICT,-0.011700515,231.2083333,NA,0,NA,NA,0.3689236111,-0.1432039931
2023-06-19,27,DICT,NA,229.8416667,NA,0,NA,NA,NA,NA
2023-06-20,27,DICT,NA,228.2916667,NA,0,NA,NA,NA,NA
2023-06-21,27,DICT,NA,226.76,0,0,NA,NA,NA,NA
2023-06-22,27,DICT,NA,227.1708333,NA,0,NA,NA,NA,NA
2023-06-23,27,DICT,NA,231.1208333,NA,1032.216,NA,NA,NA,NA
2023-06-24,27,DICT,NA,230.6541667,NA,0,NA,NA,NA,NA
2023-06-25,27,DICT,NA,229.3916667,NA,0,NA,NA,NA,NA
2023-06-26,27,DICT,NA,228.0833333,0,0,NA,NA,NA,NA
2023-06-27,27,DICT,NA,226.8916667,NA,0,NA,NA,NA,NA
2023-06-28,27,DICT,NA,230.3958333,NA,0,NA,NA,NA,NA
2023-06-29,27,DICT,NA,231.5409091,6270,0,NA,NA,NA,NA
2023-06-30,27,DICT,0.044549862,230.8041667,NA,3323.232,NA,NA,13.6259323,0.0291371199
2023-07-01,27,DICT,NA,NA,NA,906.336,NA,NA,NA,NA
2023-07-02,27,DICT,NA,NA,NA,0,NA,NA,NA,NA
2023-07-03,27,DICT,NA,NA,NA,0,NA,NA,NA,NA
2023-07-04,27,DICT,NA,NA,NA,0,NA,NA,NA,NA
2023-07-05,27,DICT,0.124312984,NA,0,0,NA,NA,28.0159401,0.2162072213
2023-07-06,27,DICT,NA,239.5357143,NA,0,NA,NA,NA,NA
2023-07-07,27,DICT,NA,222.175,NA,553.872,6.534235849497845,85.48721757,NA,NA
2023-07-08,27,DICT,NA,212.0833333,NA,125.88,3.702302983768859,83.95531491,NA,NA
2023-07-09,27,DICT,0.122640781,NA,NA,0,4.053027740554412,NA,36.57262278,0.3274440961
2023-07-10,27,DICT,NA,NA,NA,4456.152,4.7053208569608795,NA,NA,NA
2023-07-11,27,DICT,NA,NA,NA,453.168,7.139669578360842,NA,NA,NA
2023-07-12,27,DICT,0.132961737,NA,4050,0,8.827358089945005,NA,43.87755102,0.4224081633
2023-07-13,27,DICT,NA,224.7833333,NA,0,6.693322259032683,91.65693928,NA,NA
2023-07-14,27,DICT,NA,222.6291667,NA,0,6.34347629009833,88.88358333,NA,NA
2023-07-15,27,DICT,NA,221.1869565,NA,302.112,4.2998055390763685,83.39643018,NA,NA
2023-07-16,27,DICT,NA,220.3083333,NA,1435.032,4.502614802388296,82.93465384,NA,NA
2023-07-17,27,DICT,0.145071391,218.944,NA,0,6.491309734424005,86.34306645,46.23735872,0.4530856634
2023-07-18,27,DICT,NA,218.3708333,NA,0,11.647747863739548,87.4303048,NA,NA
2023-07-19,27,DICT,NA,224.6083333,NA,0,10.404797644008534,87.35493798,NA,NA
2023-07-20,27,DICT,0.138330482,224.6041667,NA,0,5.33223087168297,84.76662166,46.96078431,0.462490196
2023-07-21,27,DICT,NA,225.9291667,6320,0,5.303162421574527,82.15549553,NA,NA
2023-07-22,27,DICT,NA,223.8958333,NA,0,2.972122248743333,82.46773529,NA,NA
2023-07-23,27,DICT,NA,221.5875,NA,0,4.054680816689564,84.0121155,NA,NA
2023-07-24,27,DICT,NA,219.0791667,NA,0,7.411746533598245,84.9826392,NA,NA
2023-07-25,27,DICT,NA,223.4083333,NA,0,9.2754692071882765,85.56947655,NA,NA
2023-07-26,27,DICT,0.160580855,223.6666667,NA,0,7.89715941732935,85.06460822,51.54605263,0.5220986842
2023-07-27,27,DICT,NA,220.4,NA,0,6.422742806977326,84.3253885,NA,NA
2023-07-28,27,DICT,NA,217.45,4050,0,6.3950402734856855,84.90391571,NA,NA
2023-07-29,27,DICT,NA,215.2166667,NA,0,5.074674130136744,84.26842953,NA,NA
2023-07-30,27,DICT,NA,213.4166667,NA,0,6.298773994914483,83.04122846,NA,NA
2023-07-31,27,DICT,0.12334217,212.0083333,NA,0,5.899101497839515,84.04033507,40.07756233,0.3730083103
2023-08-01,27,DICT,NA,NA,NA,0,6.778242042966687,NA,NA,NA
2023-08-02,27,DICT,NA,NA,NA,0,5.698370650331392,NA,NA,NA
2023-08-03,27,DICT,NA,NA,NA,0,6.469875006171462,NA,NA,NA
2023-08-04,27,DICT,0.151590722,NA,NA,0,6.754862737773584,NA,50.12742382,0.5036565097
2023-08-05,27,DICT,NA,NA,NA,0,8.091285384702154,NA,NA,NA
2023-08-06,27,DICT,NA,241.025,NA,0,7.046811986710244,NA,NA,NA
2023-08-07,27,DICT,0.124733649,220.6083333,4050,276.936,6.35246712520147,82.56027878,43.47587719,0.4171864035
2023-08-08,27,DICT,NA,210.95,NA,0,7.576063309338275,87.21057437,NA,NA
2023-08-09,27,DICT,NA,NA,NA,0,6.729471073891706,NA,NA,NA
2023-08-10,27,DICT,NA,NA,NA,0,4.929416424580526,NA,NA,NA
2023-08-11,27,DICT,0.135258733,NA,4060,0,7.131964119806419,NA,45.38248117,0.4419722552
2023-08-12,27,DICT,NA,NA,NA,276.936,7.095546759856969,NA,NA,NA
2023-08-13,27,DICT,NA,212.3666667,NA,730.104,6.526020760164731,87.55674665,NA,NA
2023-08-14,27,DICT,NA,211.1,NA,0,4.289966572368692,78.72518528,NA,NA
2023-08-15,27,DICT,NA,210.3,NA,0,3.9328414875638655,79.2391834,NA,NA
2023-08-16,27,DICT,0.122104073,210.5,NA,0,6.09173128224056,84.03253664,27.58805842,0.2106447595
2023-08-17,27,DICT,NA,219.3333333,NA,0,6.246884203951275,86.55675351,NA,NA
2023-08-18,27,DICT,NA,218.65,NA,0,6.438393901059855,86.59402191,NA,NA
2023-08-19,27,DICT,NA,215.0166667,NA,0,6.895618430106388,83.93894294,NA,NA
2023-08-20,27,DICT,NA,212.6333333,NA,0,5.4021989895281886,82.06158328,NA,NA
2023-08-21,27,DICT,NA,211.1333333,4070,0,6.271405922150108,85.20992241,NA,NA
2023-08-22,27,DICT,NA,210.0666667,NA,0,4.5775654431880985,84.88410741,NA,NA
2023-08-23,27,DICT,NA,209.4333333,NA,0,5.216271118965082,83.1629015,NA,NA
2023-08-24,27,DICT,0.104088075,209.8,NA,0,4.099551102064707,83.46461785,26.43559826,0.1956627774
2023-08-25,27,DICT,NA,219.05,NA,0,5.50447268560029,82.57736526,NA,NA
2023-08-26,27,DICT,NA,219.2333333,NA,0,4.718165257846353,81.48244874,NA,NA
2023-08-27,27,DICT,NA,216.75,NA,0,3.199208562482251,81.89732007,NA,NA
2023-08-28,27,DICT,NA,214.95,NA,0,3.0212240618448214,80.92993357,NA,NA
2023-08-29,27,DICT,NA,213.3333333,NA,201.408,4.92114731832688,78.36317464,NA,NA
2023-08-30,27,DICT,NA,212.1,4070,0,2.384700466523309,78.70423394,NA,NA
2023-08-31,27,DICT,NA,211,NA,0,3.5962140391486423,79.59314184,NA,NA
2023-09-01,27,DICT,NA,NA,NA,0,4.4223356107043825,NA,NA,NA
2023-09-02,27,DICT,NA,NA,NA,0,4.170546066376036,NA,NA,NA
2023-09-03,27,DICT,NA,NA,NA,0,5.170223318109445,NA,NA,NA
2023-09-04,27,DICT,NA,NA,NA,25.176,8.858359325499812,NA,NA,NA
2023-09-05,27,DICT,0.068187461,NA,NA,0,6.626773911991476,NA,4.686980609,-0.08706925208
2023-09-06,27,DICT,NA,239.9083333,NA,0,NA,NA,NA,NA
2023-09-07,27,DICT,NA,219.1625,NA,0,NA,82.78480192,NA,NA
2023-09-08,27,DICT,NA,211.2333333,NA,0,NA,86.33492243,NA,NA
2023-09-09,27,DICT,NA,NA,NA,0,NA,NA,NA,NA
2023-09-10,27,DICT,NA,NA,NA,981.864,NA,NA,NA,NA
2023-09-11,27,DICT,NA,NA,4100,453.168,NA,NA,NA,NA
2023-09-12,27,DICT,NA,NA,NA,0,NA,NA,NA,NA
2023-09-13,27,DICT,NA,NA,NA,0,NA,NA,NA,NA
2023-09-14,27,DICT,NA,NA,NA,9516.528,NA,NA,NA,NA
2023-09-15,27,DICT,NA,NA,NA,11278.848,NA,NA,NA,NA
2023-09-16,27,DICT,NA,NA,NA,4632.384,NA,NA,NA,NA
2023-09-17,27,DICT,NA,NA,NA,0,NA,NA,NA,NA
2023-09-18,27,DICT,NA,NA,NA,0,NA,NA,NA,NA
2023-09-19,27,DICT,NA,NA,NA,0,NA,NA,NA,NA
2023-09-20,27,DICT,NA,NA,NA,0,NA,NA,NA,NA
2023-09-21,27,DICT,NA,NA,NA,25.176,NA,NA,NA,NA
2023-09-22,27,DICT,NA,NA,NA,0,NA,NA,NA,NA
2023-09-23,27,DICT,NA,NA,NA,0,NA,NA,NA,NA
2023-09-24,27,DICT,NA,NA,NA,0,NA,NA,NA,NA
2023-09-25,27,DICT,NA,NA,NA,0,NA,NA,NA,NA
2023-09-26,27,DICT,NA,NA,NA,0,NA,NA,NA,NA
2023-09-27,27,DICT,NA,NA,NA,0,NA,NA,NA,NA
2023-09-28,27,DICT,NA,NA,NA,0,NA,NA,NA,NA
2023-09-29,27,DICT,NA,NA,NA,276.936,NA,NA,NA,NA
2023-09-30,27,DICT,NA,NA,NA,0,NA,NA,NA,NA
2023-10-01,27,DICT,NA,NA,NA,0,NA,NA,NA,NA
2023-10-02,27,DICT,NA,NA,NA,6797.52,NA,NA,NA,NA
2023-10-03,27,DICT,NA,NA,NA,7426.92,NA,NA,NA,NA
2023-10-04,27,DICT,NA,NA,NA,1888.2,NA,NA,NA,NA
2023-10-05,27,DICT,NA,NA,NA,0,NA,NA,NA,NA
2023-10-06,27,DICT,NA,238.8833333,NA,0,NA,NA,NA,NA
2023-10-07,27,DICT,NA,219.1541667,NA,0,NA,83.93458201,NA,NA
2023-10-08,27,DICT,NA,220,NA,0,NA,86.48508959,NA,NA
2023-10-09,27,DICT,NA,NA,NA,0,NA,NA,NA,NA
2023-10-10,27,DICT,NA,NA,NA,25.176,NA,NA,NA,NA
2023-10-11,27,DICT,NA,NA,NA,0,NA,NA,NA,NA
2023-10-12,27,DICT,NA,NA,NA,0,NA,NA,NA,NA
2023-10-13,27,DICT,NA,NA,NA,0,NA,NA,NA,NA
2023-10-14,27,DICT,NA,NA,NA,0,NA,NA,NA,NA
2023-10-15,27,DICT,NA,NA,NA,0,NA,NA,NA,NA
2023-10-16,27,DICT,NA,NA,NA,0,NA,NA,NA,NA
2023-10-17,27,DICT,NA,NA,NA,0,NA,NA,NA,NA
2023-10-18,27,DICT,NA,NA,NA,0,NA,NA,NA,NA
2023-10-19,27,DICT,NA,NA,NA,0,NA,NA,NA,NA
2023-10-20,27,DICT,NA,NA,NA,0,NA,NA,NA,NA
2023-10-21,27,DICT,NA,NA,NA,0,NA,NA,NA,NA
2023-10-22,27,DICT,NA,NA,NA,0,NA,NA,NA,NA
2023-10-23,27,DICT,NA,NA,NA,3222.528,NA,NA,NA,NA
2023-10-24,27,DICT,NA,NA,NA,3776.4,NA,NA,NA,NA
2023-10-25,27,DICT,NA,NA,NA,2517.6,NA,NA,NA,NA
2023-10-26,27,DICT,NA,NA,NA,0,NA,NA,NA,NA
2023-10-27,27,DICT,NA,NA,NA,0,NA,NA,NA,NA
2023-10-28,27,DICT,NA,NA,NA,604.224,NA,NA,NA,NA
2023-10-29,27,DICT,NA,NA,NA,251.76,NA,NA,NA,NA
2023-10-30,27,DICT,NA,NA,NA,0,NA,NA,NA,NA
2023-10-31,27,DICT,NA,NA,NA,0,NA,NA,NA,NA
2023-05-01,28,DIEG,NA,NA,NA,0,NA,NA,NA,NA
2023-05-02,28,DIEG,NA,NA,NA,906.336,NA,NA,NA,NA
2023-05-03,28,DIEG,NA,NA,NA,5060.376,NA,NA,NA,NA
2023-05-04,28,DIEG,NA,NA,NA,0,NA,NA,NA,NA
2023-05-05,28,DIEG,NA,NA,NA,0,NA,NA,NA,NA
2023-05-06,28,DIEG,NA,NA,NA,0,NA,NA,NA,NA
2023-05-07,28,DIEG,NA,NA,NA,0,NA,NA,NA,NA
2023-05-08,28,DIEG,NA,218.8375,NA,0,NA,88.74884473,NA,NA
2023-05-09,28,DIEG,NA,206.1333333,NA,0,NA,84.76233979,NA,NA
2023-05-10,28,DIEG,NA,NA,NA,0,NA,NA,NA,NA
2023-05-11,28,DIEG,-0.043239869,NA,NA,3952.632,NA,NA,0,-0.148
2023-05-12,28,DIEG,NA,NA,NA,0,NA,NA,NA,NA
2023-05-13,28,DIEG,NA,NA,NA,4531.68,NA,NA,NA,NA
2023-05-14,28,DIEG,NA,NA,NA,855.984,NA,NA,NA,NA
2023-05-15,28,DIEG,NA,NA,NA,0,NA,NA,NA,NA
2023-05-16,28,DIEG,NA,NA,NA,0,NA,NA,NA,NA
2023-05-17,28,DIEG,-0.035907113,NA,NA,50.352,NA,NA,0,-0.148
2023-05-18,28,DIEG,NA,NA,NA,0,NA,NA,NA,NA
2023-05-19,28,DIEG,NA,NA,NA,352.464,NA,NA,NA,NA
2023-05-20,28,DIEG,NA,NA,NA,0,NA,NA,NA,NA
2023-05-21,28,DIEG,NA,NA,NA,503.52,NA,NA,NA,NA
2023-05-22,28,DIEG,NA,NA,NA,6520.584,NA,NA,NA,NA
2023-05-23,28,DIEG,-0.042275677,NA,NA,1283.976,NA,NA,0,-0.148
2023-05-24,28,DIEG,NA,NA,NA,0,NA,NA,NA,NA
2023-05-25,28,DIEG,NA,NA,NA,5337.312,NA,NA,NA,NA
2023-05-26,28,DIEG,NA,NA,NA,3826.752,NA,NA,NA,NA
2023-05-27,28,DIEG,NA,NA,NA,3197.352,NA,NA,NA,NA
2023-05-28,28,DIEG,NA,NA,NA,2769.36,NA,NA,NA,NA
2023-05-29,28,DIEG,NA,NA,NA,0,NA,NA,NA,NA
2023-05-30,28,DIEG,NA,NA,NA,0,NA,NA,NA,NA
2023-05-31,28,DIEG,NA,NA,NA,276.936,NA,NA,NA,NA
2023-06-01,28,DIEG,NA,NA,NA,1686.792,NA,NA,NA,NA
2023-06-02,28,DIEG,NA,NA,NA,1812.672,NA,NA,NA,NA
2023-06-03,28,DIEG,NA,NA,NA,2114.784,NA,NA,NA,NA
2023-06-04,28,DIEG,NA,NA,NA,50.352,NA,NA,NA,NA
2023-06-05,28,DIEG,NA,NA,NA,75.528,NA,NA,NA,NA
2023-06-06,28,DIEG,NA,NA,NA,0,NA,NA,NA,NA
2023-06-07,28,DIEG,NA,NA,NA,2719.008,NA,NA,NA,NA
2023-06-08,28,DIEG,NA,214.0083333,NA,0,NA,87.45687746,NA,NA
2023-06-09,28,DIEG,-0.030358717,NA,NA,0,NA,NA,0,-0.148
2023-06-10,28,DIEG,NA,NA,NA,0,NA,NA,NA,NA
2023-06-11,28,DIEG,NA,NA,NA,0,NA,NA,NA,NA
2023-06-12,28,DIEG,NA,NA,NA,0,NA,NA,NA,NA
2023-06-13,28,DIEG,-0.016018554,NA,NA,0,NA,NA,4.290296712,-0.09222614274
2023-06-14,28,DIEG,NA,NA,NA,0,NA,NA,NA,NA
2023-06-15,28,DIEG,NA,NA,NA,0,NA,NA,NA,NA
2023-06-16,28,DIEG,NA,NA,NA,0,NA,NA,NA,NA
2023-06-17,28,DIEG,NA,NA,NA,0,NA,NA,NA,NA
2023-06-18,28,DIEG,-0.012633795,NA,NA,0,NA,NA,7.061403509,-0.05620175438
2023-06-19,28,DIEG,NA,NA,NA,0,NA,NA,NA,NA
2023-06-20,28,DIEG,NA,NA,NA,0,NA,NA,NA,NA
2023-06-21,28,DIEG,NA,NA,0,0,NA,NA,NA,NA
2023-06-22,28,DIEG,NA,NA,NA,0,NA,NA,NA,NA
2023-06-23,28,DIEG,NA,NA,NA,1032.216,NA,NA,NA,NA
2023-06-24,28,DIEG,NA,NA,NA,0,NA,NA,NA,NA
2023-06-25,28,DIEG,NA,NA,NA,0,NA,NA,NA,NA
2023-06-26,28,DIEG,NA,NA,4010,0,NA,NA,NA,NA
2023-06-27,28,DIEG,NA,NA,NA,0,NA,NA,NA,NA
2023-06-28,28,DIEG,NA,NA,NA,0,NA,NA,NA,NA
2023-06-29,28,DIEG,NA,NA,1550,0,NA,NA,NA,NA
2023-06-30,28,DIEG,0.036943887,NA,NA,3323.232,NA,NA,22.55770068,0.1452501088
2023-07-01,28,DIEG,NA,NA,NA,906.336,NA,NA,NA,NA
2023-07-02,28,DIEG,NA,NA,NA,0,NA,NA,NA,NA
2023-07-03,28,DIEG,NA,NA,NA,0,NA,NA,NA,NA
2023-07-04,28,DIEG,NA,NA,NA,0,NA,NA,NA,NA
2023-07-05,28,DIEG,0.088305802,NA,0,0,NA,NA,36.98828644,0.3328477237
2023-07-06,28,DIEG,NA,NA,NA,0,NA,NA,NA,NA
2023-07-07,28,DIEG,NA,NA,NA,553.872,NA,NA,NA,NA
2023-07-08,28,DIEG,NA,210.6958333,NA,125.88,NA,83.95531491,NA,NA
2023-07-09,28,DIEG,0.087857519,NA,NA,0,NA,NA,40.32799587,0.3762639463
2023-07-10,28,DIEG,NA,NA,NA,4456.152,NA,NA,NA,NA
2023-07-11,28,DIEG,NA,NA,NA,453.168,NA,NA,NA,NA
2023-07-12,28,DIEG,0.085670625,NA,2840,0,NA,NA,41.34070295,0.3894291384
2023-07-13,28,DIEG,NA,NA,NA,0,NA,NA,NA,NA
2023-07-14,28,DIEG,NA,NA,NA,0,NA,NA,NA,NA
2023-07-15,28,DIEG,NA,NA,NA,302.112,NA,NA,NA,NA
2023-07-16,28,DIEG,NA,NA,NA,1435.032,NA,NA,NA,NA
2023-07-17,28,DIEG,0.09419292,NA,NA,0,NA,NA,43.97679952,0.4236983938
2023-07-18,28,DIEG,NA,NA,NA,0,NA,NA,NA,NA
2023-07-19,28,DIEG,NA,NA,NA,0,NA,NA,NA,NA
2023-07-20,28,DIEG,0.108524082,NA,NA,0,NA,NA,46.68512111,0.4589065744
2023-07-21,28,DIEG,NA,NA,6910,0,NA,NA,NA,NA
2023-07-22,28,DIEG,NA,NA,NA,0,NA,NA,NA,NA
2023-07-23,28,DIEG,NA,NA,NA,0,NA,NA,NA,NA
2023-07-24,28,DIEG,NA,NA,NA,0,NA,NA,NA,NA
2023-07-25,28,DIEG,NA,NA,NA,0,NA,NA,NA,NA
2023-07-26,28,DIEG,0.133598271,NA,NA,0,NA,NA,52.23268698,0.5310249307
2023-07-27,28,DIEG,NA,NA,NA,0,NA,NA,NA,NA
2023-07-28,28,DIEG,NA,NA,5280,0,NA,NA,NA,NA
2023-07-29,28,DIEG,NA,NA,NA,0,NA,NA,NA,NA
2023-07-30,28,DIEG,NA,NA,NA,0,NA,NA,NA,NA
2023-07-31,28,DIEG,0.113570683,NA,NA,0,NA,NA,45.46260388,0.4430138504
2023-08-01,28,DIEG,NA,NA,NA,0,7.207986170371565,NA,NA,NA
2023-08-02,28,DIEG,NA,NA,NA,0,5.698370650331392,NA,NA,NA
2023-08-03,28,DIEG,NA,NA,NA,0,6.469875006171462,NA,NA,NA
2023-08-04,28,DIEG,0.128626081,NA,NA,0,6.7561362057409715,NA,52.66447368,0.5366381578
2023-08-05,28,DIEG,NA,NA,NA,0,8.093488960875584,NA,NA,NA
2023-08-06,28,DIEG,NA,NA,NA,0,7.046811986710244,NA,NA,NA
2023-08-07,28,DIEG,0.119191021,NA,5010,276.936,6.35246712520147,NA,51.49122807,0.5213859649
2023-08-08,28,DIEG,NA,208.6166667,NA,0,7.576063309338275,87.21057437,NA,NA
2023-08-09,28,DIEG,NA,NA,NA,0,6.729471073891706,NA,NA,NA
2023-08-10,28,DIEG,NA,NA,NA,0,4.929770046070176,NA,NA,NA
2023-08-11,28,DIEG,0.12186473,NA,6260,0,7.135025214403463,NA,53.30955212,0.5450241776
2023-08-12,28,DIEG,NA,NA,NA,276.936,7.095546759856969,NA,NA,NA
2023-08-13,28,DIEG,NA,213.4625,NA,730.104,6.526020760164731,87.55674665,NA,NA
2023-08-14,28,DIEG,NA,210.9583333,NA,0,4.289966572368692,78.72518528,NA,NA
2023-08-15,28,DIEG,NA,209.1625,NA,0,3.9328414875638655,79.2391834,NA,NA
2023-08-16,28,DIEG,0.12015721,208.4166667,NA,0,6.09173128224056,84.03253664,35.07302405,0.3079493127
2023-08-17,28,DIEG,NA,220.0333333,NA,0,6.246884203951275,86.55675351,NA,NA
2023-08-18,28,DIEG,NA,225.5833333,NA,0,6.439354421548604,86.7431562,NA,NA
2023-08-19,28,DIEG,NA,220.7,NA,0,6.896926008681489,84.12736045,NA,NA
2023-08-20,28,DIEG,NA,215.7,NA,0,5.4021989895281886,82.06158328,NA,NA
2023-08-21,28,DIEG,NA,212.4166667,7260,0,6.271405922150108,85.20992241,NA,NA
2023-08-22,28,DIEG,NA,210.1,NA,0,4.5775654431880985,84.88410741,NA,NA
2023-08-23,28,DIEG,NA,208.4666667,NA,0,5.216271118965082,83.1629015,NA,NA
2023-08-24,28,DIEG,0.119946997,207.9833333,NA,0,4.099551102064707,83.46461785,38.96133608,0.358497369
2023-08-25,28,DIEG,NA,219.6333333,NA,0,5.504523998900125,82.58553125,NA,NA
2023-08-26,28,DIEG,NA,220.2,NA,0,4.720480049917338,81.90255073,NA,NA
2023-08-27,28,DIEG,NA,216.55,NA,0,3.199208562482251,81.89732007,NA,NA
2023-08-28,28,DIEG,NA,214.1458333,NA,0,3.0212240618448214,80.92993357,NA,NA
2023-08-29,28,DIEG,NA,212.0875,NA,201.408,4.92114731832688,78.36317464,NA,NA
2023-08-30,28,DIEG,NA,210.4625,4410,0,2.384700466523309,78.70423394,NA,NA
2023-08-31,28,DIEG,NA,208.9375,NA,0,3.5962140391486423,79.59314184,NA,NA
2023-09-01,28,DIEG,NA,NA,NA,0,4.4223356107043825,NA,NA,NA
2023-09-02,28,DIEG,NA,NA,NA,0,4.170546066376036,NA,NA,NA
2023-09-03,28,DIEG,NA,NA,NA,0,5.170223318109445,NA,NA,NA
2023-09-04,28,DIEG,NA,NA,NA,25.176,8.858359325499812,NA,NA,NA
2023-09-05,28,DIEG,0.080917571,NA,NA,0,6.626773911991476,NA,16.96398892,0.07253185596
2023-09-06,28,DIEG,NA,NA,NA,0,NA,NA,NA,NA
2023-09-07,28,DIEG,NA,NA,NA,0,NA,NA,NA,NA
2023-09-08,28,DIEG,NA,208.3625,NA,0,NA,86.33492243,NA,NA
2023-09-09,28,DIEG,NA,NA,NA,0,NA,NA,NA,NA
2023-09-10,28,DIEG,NA,NA,NA,981.864,NA,NA,NA,NA
2023-09-11,28,DIEG,NA,NA,3620,453.168,NA,NA,NA,NA
2023-09-12,28,DIEG,NA,NA,NA,0,NA,NA,NA,NA
2023-09-13,28,DIEG,NA,NA,NA,0,NA,NA,NA,NA
2023-09-14,28,DIEG,NA,NA,NA,9516.528,NA,NA,NA,NA
2023-09-15,28,DIEG,NA,NA,NA,11278.848,NA,NA,NA,NA
2023-09-16,28,DIEG,NA,NA,NA,4632.384,NA,NA,NA,NA
2023-09-17,28,DIEG,NA,NA,NA,0,NA,NA,NA,NA
2023-09-18,28,DIEG,NA,NA,NA,0,NA,NA,NA,NA
2023-09-19,28,DIEG,NA,NA,NA,0,NA,NA,NA,NA
2023-09-20,28,DIEG,NA,NA,NA,0,NA,NA,NA,NA
2023-09-21,28,DIEG,NA,NA,NA,25.176,NA,NA,NA,NA
2023-09-22,28,DIEG,NA,NA,NA,0,NA,NA,NA,NA
2023-09-23,28,DIEG,NA,NA,NA,0,NA,NA,NA,NA
2023-09-24,28,DIEG,NA,NA,NA,0,NA,NA,NA,NA
2023-09-25,28,DIEG,NA,NA,NA,0,NA,NA,NA,NA
2023-09-26,28,DIEG,NA,NA,NA,0,NA,NA,NA,NA
2023-09-27,28,DIEG,NA,NA,NA,0,NA,NA,NA,NA
2023-09-28,28,DIEG,NA,NA,NA,0,NA,NA,NA,NA
2023-09-29,28,DIEG,NA,NA,NA,276.936,NA,NA,NA,NA
2023-09-30,28,DIEG,NA,NA,NA,0,NA,NA,NA,NA
2023-10-01,28,DIEG,NA,NA,NA,0,NA,NA,NA,NA
2023-10-02,28,DIEG,NA,NA,NA,6797.52,NA,NA,NA,NA
2023-10-03,28,DIEG,NA,NA,NA,7426.92,NA,NA,NA,NA
2023-10-04,28,DIEG,NA,NA,NA,1888.2,NA,NA,NA,NA
2023-10-05,28,DIEG,NA,NA,NA,0,NA,NA,NA,NA
2023-10-06,28,DIEG,NA,NA,NA,0,NA,NA,NA,NA
2023-10-07,28,DIEG,NA,NA,NA,0,NA,NA,NA,NA
2023-10-08,28,DIEG,NA,220.9083333,NA,0,NA,86.55596969,NA,NA
2023-10-09,28,DIEG,NA,NA,NA,0,NA,NA,NA,NA
2023-10-10,28,DIEG,NA,NA,NA,25.176,NA,NA,NA,NA
2023-10-11,28,DIEG,NA,NA,NA,0,NA,NA,NA,NA
2023-10-12,28,DIEG,NA,NA,NA,0,NA,NA,NA,NA
2023-10-13,28,DIEG,NA,NA,NA,0,NA,NA,NA,NA
2023-10-14,28,DIEG,NA,NA,NA,0,NA,NA,NA,NA
2023-10-15,28,DIEG,NA,NA,NA,0,NA,NA,NA,NA
2023-10-16,28,DIEG,NA,NA,NA,0,NA,NA,NA,NA
2023-10-17,28,DIEG,NA,NA,NA,0,NA,NA,NA,NA
2023-10-18,28,DIEG,NA,NA,NA,0,NA,NA,NA,NA
2023-10-19,28,DIEG,NA,NA,NA,0,NA,NA,NA,NA
2023-10-20,28,DIEG,NA,NA,NA,0,NA,NA,NA,NA
2023-10-21,28,DIEG,NA,NA,NA,0,NA,NA,NA,NA
2023-10-22,28,DIEG,NA,NA,NA,0,NA,NA,NA,NA
2023-10-23,28,DIEG,NA,NA,NA,3222.528,NA,NA,NA,NA
2023-10-24,28,DIEG,NA,NA,NA,3776.4,NA,NA,NA,NA
2023-10-25,28,DIEG,NA,NA,NA,2517.6,NA,NA,NA,NA
2023-10-26,28,DIEG,NA,NA,NA,0,NA,NA,NA,NA
2023-10-27,28,DIEG,NA,NA,NA,0,NA,NA,NA,NA
2023-10-28,28,DIEG,NA,NA,NA,604.224,NA,NA,NA,NA
2023-10-29,28,DIEG,NA,NA,NA,251.76,NA,NA,NA,NA
2023-10-30,28,DIEG,NA,NA,NA,0,NA,NA,NA,NA
2023-10-31,28,DIEG,NA,NA,NA,0,NA,NA,NA,NA
2023-05-01,29,FICT,NA,NA,NA,0,NA,NA,NA,NA
2023-05-02,29,FICT,NA,NA,NA,906.336,NA,NA,NA,NA
2023-05-03,29,FICT,NA,NA,NA,5060.376,NA,NA,NA,NA
2023-05-04,29,FICT,NA,NA,NA,0,NA,NA,NA,NA
2023-05-05,29,FICT,NA,NA,NA,0,NA,NA,NA,NA
2023-05-06,29,FICT,NA,NA,NA,0,NA,NA,NA,NA
2023-05-07,29,FICT,NA,233.2083333,NA,0,NA,NA,NA,NA
2023-05-08,29,FICT,NA,225.8125,NA,0,NA,88.13285133,NA,NA
2023-05-09,29,FICT,NA,213.8333333,NA,0,NA,84.76233979,NA,NA
2023-05-10,29,FICT,NA,NA,NA,0,NA,NA,NA,NA
2023-05-11,29,FICT,-0.045856542,NA,NA,3952.632,NA,NA,0,-0.148
2023-05-12,29,FICT,NA,NA,NA,0,NA,NA,NA,NA
2023-05-13,29,FICT,NA,NA,NA,4531.68,NA,NA,NA,NA
2023-05-14,29,FICT,NA,NA,NA,855.984,NA,NA,NA,NA
2023-05-15,29,FICT,NA,NA,NA,0,NA,NA,NA,NA
2023-05-16,29,FICT,NA,NA,NA,0,NA,NA,NA,NA
2023-05-17,29,FICT,-0.037827617,NA,NA,50.352,NA,NA,0,-0.148
2023-05-18,29,FICT,NA,NA,NA,0,NA,NA,NA,NA
2023-05-19,29,FICT,NA,NA,NA,352.464,NA,NA,NA,NA
2023-05-20,29,FICT,NA,NA,NA,0,NA,NA,NA,NA
2023-05-21,29,FICT,NA,NA,NA,503.52,NA,NA,NA,NA
2023-05-22,29,FICT,NA,NA,NA,6520.584,NA,NA,NA,NA
2023-05-23,29,FICT,-0.044000634,NA,NA,1283.976,NA,NA,0,-0.148
2023-05-24,29,FICT,NA,NA,NA,0,NA,NA,NA,NA
2023-05-25,29,FICT,NA,NA,NA,5337.312,NA,NA,NA,NA
2023-05-26,29,FICT,NA,NA,NA,3826.752,NA,NA,NA,NA
2023-05-27,29,FICT,NA,NA,NA,3197.352,NA,NA,NA,NA
2023-05-28,29,FICT,NA,NA,NA,2769.36,NA,NA,NA,NA
2023-05-29,29,FICT,NA,NA,NA,0,NA,NA,NA,NA
2023-05-30,29,FICT,NA,NA,NA,0,NA,NA,NA,NA
2023-05-31,29,FICT,NA,NA,NA,276.936,NA,NA,NA,NA
2023-06-01,29,FICT,NA,NA,NA,1686.792,NA,NA,NA,NA
2023-06-02,29,FICT,NA,NA,NA,1812.672,NA,NA,NA,NA
2023-06-03,29,FICT,NA,NA,NA,2114.784,NA,NA,NA,NA
2023-06-04,29,FICT,NA,NA,NA,50.352,NA,NA,NA,NA
2023-06-05,29,FICT,NA,NA,NA,75.528,NA,NA,NA,NA
2023-06-06,29,FICT,NA,NA,NA,0,NA,NA,NA,NA
2023-06-07,29,FICT,NA,230.4666667,NA,2719.008,NA,NA,NA,NA
2023-06-08,29,FICT,NA,222.1125,NA,0,NA,87.45687746,NA,NA
2023-06-09,29,FICT,-0.032024306,NA,NA,0,NA,NA,0.0236294896,-0.1476928166
2023-06-10,29,FICT,NA,NA,NA,0,NA,NA,NA,NA
2023-06-11,29,FICT,NA,NA,NA,0,NA,NA,NA,NA
2023-06-12,29,FICT,NA,NA,NA,0,NA,NA,NA,NA
2023-06-13,29,FICT,-0.018443683,NA,NA,0,NA,NA,2.20636808,-0.119317215
2023-06-14,29,FICT,NA,NA,NA,0,NA,NA,NA,NA
2023-06-15,29,FICT,NA,NA,NA,0,NA,NA,NA,NA
2023-06-16,29,FICT,NA,NA,NA,0,NA,NA,NA,NA
2023-06-17,29,FICT,NA,NA,NA,0,NA,NA,NA,NA
2023-06-18,29,FICT,-0.016102794,NA,NA,0,NA,NA,4.481336806,-0.08974262152
2023-06-19,29,FICT,NA,NA,NA,0,NA,NA,NA,NA
2023-06-20,29,FICT,NA,NA,NA,0,NA,NA,NA,NA
2023-06-21,29,FICT,NA,NA,0,0,NA,NA,NA,NA
2023-06-22,29,FICT,NA,NA,NA,0,NA,NA,NA,NA
2023-06-23,29,FICT,NA,NA,NA,1032.216,NA,NA,NA,NA
2023-06-24,29,FICT,NA,NA,NA,0,NA,NA,NA,NA
2023-06-25,29,FICT,NA,NA,NA,0,NA,NA,NA,NA
2023-06-26,29,FICT,NA,NA,4100,0,NA,NA,NA,NA
2023-06-27,29,FICT,NA,NA,NA,0,NA,NA,NA,NA
2023-06-28,29,FICT,NA,240.0666667,NA,0,NA,NA,NA,NA
2023-06-29,29,FICT,NA,239.2863636,4290,0,NA,NA,NA,NA
2023-06-30,29,FICT,0.04234328,238.5875,NA,3323.232,NA,NA,23.13539874,0.1527601836
2023-07-01,29,FICT,NA,NA,NA,906.336,NA,NA,NA,NA
2023-07-02,29,FICT,NA,NA,NA,0,NA,NA,NA,NA
2023-07-03,29,FICT,NA,NA,NA,0,NA,NA,NA,NA
2023-07-04,29,FICT,NA,NA,NA,0,NA,NA,NA,NA
2023-07-05,29,FICT,0.114398175,NA,0,0,NA,NA,38.53399348,0.3529419152
2023-07-06,29,FICT,NA,NA,NA,0,NA,NA,NA,NA
2023-07-07,29,FICT,NA,228.1,NA,553.872,6.534235849497845,85.48721757,NA,NA
2023-07-08,29,FICT,NA,218.8291667,NA,125.88,3.702302983768859,83.95531491,NA,NA
2023-07-09,29,FICT,0.110131344,NA,NA,0,4.053027740554412,NA,43.28631139,0.4147220481
2023-07-10,29,FICT,NA,NA,NA,4456.152,4.7053208569608795,NA,NA,NA
2023-07-11,29,FICT,NA,NA,NA,453.168,7.139669578360842,NA,NA,NA
2023-07-12,29,FICT,0.117319494,NA,6090,0,8.823916317310568,NA,44.17517007,0.4262772109
2023-07-13,29,FICT,NA,233.6916667,NA,0,6.693322259032683,91.65693928,NA,NA
2023-07-14,29,FICT,NA,231.0166667,NA,0,6.34347629009833,88.88358333,NA,NA
2023-07-15,29,FICT,NA,228.8695652,NA,302.112,4.2998055390763685,83.39643018,NA,NA
2023-07-16,29,FICT,NA,227.7583333,NA,1435.032,4.502614802388296,82.93465384,NA,NA
2023-07-17,29,FICT,0.144387457,225.8041667,NA,0,6.491309734424005,86.34306645,46.38607971,0.4550190362
2023-07-18,29,FICT,NA,224.2333333,NA,0,11.647747863739548,87.4303048,NA,NA
2023-07-19,29,FICT,NA,229.0875,NA,0,10.407517326979445,87.71541097,NA,NA
2023-07-20,29,FICT,0.142115003,232.1083333,NA,0,5.332612315009244,84.85125478,52.21088435,0.5307414966
2023-07-21,29,FICT,NA,229.7083333,6150,0,5.303162421574527,82.15549553,NA,NA
2023-07-22,29,FICT,NA,227.1416667,NA,0,2.972122248743333,82.46773529,NA,NA
2023-07-23,29,FICT,NA,224.7333333,NA,0,4.054680816689564,84.0121155,NA,NA
2023-07-24,29,FICT,NA,222.3208333,NA,0,7.411746533598245,84.9826392,NA,NA
2023-07-25,29,FICT,NA,225.4,NA,0,9.2754692071882765,85.56947655,NA,NA
2023-07-26,29,FICT,0.166443423,230.4208333,NA,0,7.896307533109359,84.90998961,55.01385042,0.5671800555
2023-07-27,29,FICT,NA,228.3375,NA,0,6.422742806977326,84.3253885,NA,NA
2023-07-28,29,FICT,NA,224.5458333,6390,0,6.3950402734856855,84.90391571,NA,NA
2023-07-29,29,FICT,NA,221.5208333,NA,0,5.074674130136744,84.26842953,NA,NA
2023-07-30,29,FICT,NA,219.3083333,NA,0,6.298773994914483,83.04122846,NA,NA
2023-07-31,29,FICT,0.152587009,217.4416667,NA,0,5.899101497839515,84.04033507,52.49720045,0.5344636059
2023-08-01,29,FICT,NA,NA,NA,0,6.778242042966687,NA,NA,NA
2023-08-02,29,FICT,NA,NA,NA,0,5.698370650331392,NA,NA,NA
2023-08-03,29,FICT,NA,NA,NA,0,6.469875006171462,NA,NA,NA
2023-08-04,29,FICT,0.169188855,NA,NA,0,6.7540454357119675,NA,54.70360111,0.5631468144
2023-08-05,29,FICT,NA,NA,NA,0,8.089100451017906,NA,NA,NA
2023-08-06,29,FICT,NA,NA,NA,0,7.046811986710244,NA,NA,NA
2023-08-07,29,FICT,0.158537366,226.2791667,6110,276.936,6.35246712520147,82.56027878,54.81359649,0.5645767544
2023-08-08,29,FICT,NA,216.9,NA,0,7.576063309338275,87.21057437,NA,NA
2023-08-09,29,FICT,NA,NA,NA,0,6.729471073891706,NA,NA,NA
2023-08-10,29,FICT,NA,NA,NA,0,4.929277453533962,NA,NA,NA
2023-08-11,29,FICT,0.16203938,NA,6120,0,7.129261239342787,NA,52.06764434,0.5288793764
2023-08-12,29,FICT,NA,NA,NA,276.936,7.095546759856969,NA,NA,NA
2023-08-13,29,FICT,NA,219.4833333,NA,730.104,6.526020760164731,87.55674665,NA,NA
2023-08-14,29,FICT,NA,217.4,NA,0,4.289966572368692,78.72518528,NA,NA
2023-08-15,29,FICT,NA,215.925,NA,0,3.9328414875638655,79.2391834,NA,NA
2023-08-16,29,FICT,0.157973869,215.4083333,NA,0,6.09173128224056,84.03253664,43.75,0.42075
2023-08-17,29,FICT,NA,223.6541667,NA,0,6.247069402375742,86.58715189,NA,NA
2023-08-18,29,FICT,NA,226.9208333,NA,0,6.438511910083366,86.61226573,NA,NA
2023-08-19,29,FICT,NA,222.895,NA,0,11.215956949666522,84.22341274,NA,NA
2023-08-20,29,FICT,NA,219.3708333,NA,0,5.4021989895281886,82.06158328,NA,NA
2023-08-21,29,FICT,NA,217.1208333,6120,0,6.271405922150108,85.20992241,NA,NA
2023-08-22,29,FICT,NA,215.4291667,NA,0,4.5775654431880985,84.88410741,NA,NA
2023-08-23,29,FICT,NA,214.2416667,NA,0,5.216271118965082,83.1629015,NA,NA
2023-08-24,29,FICT,0.141940875,214.0833333,NA,0,4.099551102064707,83.46461785,35.52512449,0.3138266184
2023-08-25,29,FICT,NA,223.1333333,NA,0,5.50447268560029,82.57736526,NA,NA
2023-08-26,29,FICT,NA,227.2333333,NA,0,4.720457911571801,81.90145067,NA,NA
2023-08-27,29,FICT,NA,224.9666667,NA,0,3.199208562482251,81.89732007,NA,NA
2023-08-28,29,FICT,NA,222.7166667,NA,0,3.0212240618448214,80.92993357,NA,NA
2023-08-29,29,FICT,NA,220.5,NA,201.408,4.92114731832688,78.36317464,NA,NA
2023-08-30,29,FICT,NA,218.7291667,6120,0,2.384700466523309,78.70423394,NA,NA
2023-08-31,29,FICT,NA,217.1,NA,0,3.5962140391486423,79.59314184,NA,NA
2023-09-01,29,FICT,NA,NA,NA,0,4.4223356107043825,NA,NA,NA
2023-09-02,29,FICT,NA,NA,NA,0,4.170546066376036,NA,NA,NA
2023-09-03,29,FICT,NA,NA,NA,0,5.170223318109445,NA,NA,NA
2023-09-04,29,FICT,NA,NA,NA,25.176,8.858359325499812,NA,NA,NA
2023-09-05,29,FICT,0.103225436,NA,NA,0,6.626773911991476,NA,20.83521956,0.1228578543
2023-09-06,29,FICT,NA,NA,NA,0,NA,NA,NA,NA
2023-09-07,29,FICT,NA,224.624,NA,0,NA,82.78480192,NA,NA
2023-09-08,29,FICT,NA,216.4791667,NA,0,NA,86.33492243,NA,NA
2023-09-09,29,FICT,NA,NA,NA,0,NA,NA,NA,NA
2023-09-10,29,FICT,NA,NA,NA,981.864,NA,NA,NA,NA
2023-09-11,29,FICT,NA,NA,6720,453.168,NA,NA,NA,NA
2023-09-12,29,FICT,NA,NA,NA,0,NA,NA,NA,NA
2023-09-13,29,FICT,NA,NA,NA,0,NA,NA,NA,NA
2023-09-14,29,FICT,NA,NA,NA,9516.528,NA,NA,NA,NA
2023-09-15,29,FICT,NA,NA,NA,11278.848,NA,NA,NA,NA
2023-09-16,29,FICT,NA,NA,NA,4632.384,NA,NA,NA,NA
2023-09-17,29,FICT,NA,NA,NA,0,NA,NA,NA,NA
2023-09-18,29,FICT,NA,NA,NA,0,NA,NA,NA,NA
2023-09-19,29,FICT,NA,NA,NA,0,NA,NA,NA,NA
2023-09-20,29,FICT,NA,NA,NA,0,NA,NA,NA,NA
2023-09-21,29,FICT,NA,NA,NA,25.176,NA,NA,NA,NA
2023-09-22,29,FICT,NA,NA,NA,0,NA,NA,NA,NA
2023-09-23,29,FICT,NA,NA,NA,0,NA,NA,NA,NA
2023-09-24,29,FICT,NA,NA,NA,0,NA,NA,NA,NA
2023-09-25,29,FICT,NA,NA,NA,0,NA,NA,NA,NA
2023-09-26,29,FICT,NA,NA,NA,0,NA,NA,NA,NA
2023-09-27,29,FICT,NA,NA,NA,0,NA,NA,NA,NA
2023-09-28,29,FICT,NA,NA,NA,0,NA,NA,NA,NA
2023-09-29,29,FICT,NA,NA,NA,276.936,NA,NA,NA,NA
2023-09-30,29,FICT,NA,NA,NA,0,NA,NA,NA,NA
2023-10-01,29,FICT,NA,NA,NA,0,NA,NA,NA,NA
2023-10-02,29,FICT,NA,NA,NA,6797.52,NA,NA,NA,NA
2023-10-03,29,FICT,NA,NA,NA,7426.92,NA,NA,NA,NA
2023-10-04,29,FICT,NA,NA,NA,1888.2,NA,NA,NA,NA
2023-10-05,29,FICT,NA,NA,NA,0,NA,NA,NA,NA
2023-10-06,29,FICT,NA,NA,NA,0,NA,NA,NA,NA
2023-10-07,29,FICT,NA,224.2375,NA,0,NA,83.93458201,NA,NA
2023-10-08,29,FICT,NA,224.8625,NA,0,NA,86.45513941,NA,NA
2023-10-09,29,FICT,NA,NA,NA,0,NA,NA,NA,NA
2023-10-10,29,FICT,NA,NA,NA,25.176,NA,NA,NA,NA
2023-10-11,29,FICT,NA,NA,NA,0,NA,NA,NA,NA
2023-10-12,29,FICT,NA,NA,NA,0,NA,NA,NA,NA
2023-10-13,29,FICT,NA,NA,NA,0,NA,NA,NA,NA
2023-10-14,29,FICT,NA,NA,NA,0,NA,NA,NA,NA
2023-10-15,29,FICT,NA,NA,NA,0,NA,NA,NA,NA
2023-10-16,29,FICT,NA,NA,NA,0,NA,NA,NA,NA
2023-10-17,29,FICT,NA,NA,NA,0,NA,NA,NA,NA
2023-10-18,29,FICT,NA,NA,NA,0,NA,NA,NA,NA
2023-10-19,29,FICT,NA,NA,NA,0,NA,NA,NA,NA
2023-10-20,29,FICT,NA,NA,NA,0,NA,NA,NA,NA
2023-10-21,29,FICT,NA,NA,NA,0,NA,NA,NA,NA
2023-10-22,29,FICT,NA,NA,NA,0,NA,NA,NA,NA
2023-10-23,29,FICT,NA,NA,NA,3222.528,NA,NA,NA,NA
2023-10-24,29,FICT,NA,NA,NA,3776.4,NA,NA,NA,NA
2023-10-25,29,FICT,NA,NA,NA,2517.6,NA,NA,NA,NA
2023-10-26,29,FICT,NA,NA,NA,0,NA,NA,NA,NA
2023-10-27,29,FICT,NA,NA,NA,0,NA,NA,NA,NA
2023-10-28,29,FICT,NA,NA,NA,604.224,NA,NA,NA,NA
2023-10-29,29,FICT,NA,NA,NA,251.76,NA,NA,NA,NA
2023-10-30,29,FICT,NA,NA,NA,0,NA,NA,NA,NA
2023-10-31,29,FICT,NA,NA,NA,0,NA,NA,NA,NA
2023-05-01,30,FIEG,NA,NA,NA,0,NA,NA,NA,NA
2023-05-02,30,FIEG,NA,NA,NA,906.336,NA,NA,NA,NA
2023-05-03,30,FIEG,NA,NA,NA,5060.376,NA,NA,NA,NA
2023-05-04,30,FIEG,NA,NA,NA,0,NA,NA,NA,NA
2023-05-05,30,FIEG,NA,NA,NA,0,NA,NA,NA,NA
2023-05-06,30,FIEG,NA,NA,NA,0,NA,NA,NA,NA
2023-05-07,30,FIEG,NA,221.475,NA,0,NA,NA,NA,NA
2023-05-08,30,FIEG,NA,212,NA,0,NA,88.45906378,NA,NA
2023-05-09,30,FIEG,NA,209.1166667,NA,0,NA,84.76233979,NA,NA
2023-05-10,30,FIEG,NA,NA,NA,0,NA,NA,NA,NA
2023-05-11,30,FIEG,-0.045933838,NA,NA,3952.632,NA,NA,0,-0.148
2023-05-12,30,FIEG,NA,NA,NA,0,NA,NA,NA,NA
2023-05-13,30,FIEG,NA,NA,NA,4531.68,NA,NA,NA,NA
2023-05-14,30,FIEG,NA,NA,NA,855.984,NA,NA,NA,NA
2023-05-15,30,FIEG,NA,NA,NA,0,NA,NA,NA,NA
2023-05-16,30,FIEG,NA,NA,NA,0,NA,NA,NA,NA
2023-05-17,30,FIEG,-0.038038849,NA,NA,50.352,NA,NA,0,-0.148
2023-05-18,30,FIEG,NA,NA,NA,0,NA,NA,NA,NA
2023-05-19,30,FIEG,NA,NA,NA,352.464,NA,NA,NA,NA
2023-05-20,30,FIEG,NA,NA,NA,0,NA,NA,NA,NA
2023-05-21,30,FIEG,NA,NA,NA,503.52,NA,NA,NA,NA
2023-05-22,30,FIEG,NA,NA,NA,6520.584,NA,NA,NA,NA
2023-05-23,30,FIEG,-0.043788249,NA,NA,1283.976,NA,NA,0,-0.148
2023-05-24,30,FIEG,NA,NA,NA,0,NA,NA,NA,NA
2023-05-25,30,FIEG,NA,NA,NA,5337.312,NA,NA,NA,NA
2023-05-26,30,FIEG,NA,NA,NA,3826.752,NA,NA,NA,NA
2023-05-27,30,FIEG,NA,NA,NA,3197.352,NA,NA,NA,NA
2023-05-28,30,FIEG,NA,NA,NA,2769.36,NA,NA,NA,NA
2023-05-29,30,FIEG,NA,NA,NA,0,NA,NA,NA,NA
2023-05-30,30,FIEG,NA,NA,NA,0,NA,NA,NA,NA
2023-05-31,30,FIEG,NA,NA,NA,276.936,NA,NA,NA,NA
2023-06-01,30,FIEG,NA,NA,NA,1686.792,NA,NA,NA,NA
2023-06-02,30,FIEG,NA,NA,NA,1812.672,NA,NA,NA,NA
2023-06-03,30,FIEG,NA,NA,NA,2114.784,NA,NA,NA,NA
2023-06-04,30,FIEG,NA,NA,NA,50.352,NA,NA,NA,NA
2023-06-05,30,FIEG,NA,NA,NA,75.528,NA,NA,NA,NA
2023-06-06,30,FIEG,NA,NA,NA,0,NA,NA,NA,NA
2023-06-07,30,FIEG,NA,219.0625,NA,2719.008,NA,NA,NA,NA
2023-06-08,30,FIEG,NA,211.9166667,NA,0,NA,87.45687746,NA,NA
2023-06-09,30,FIEG,-0.03358824,NA,NA,0,NA,NA,0,-0.148
2023-06-10,30,FIEG,NA,NA,NA,0,NA,NA,NA,NA
2023-06-11,30,FIEG,NA,NA,NA,0,NA,NA,NA,NA
2023-06-12,30,FIEG,NA,NA,NA,0,NA,NA,NA,NA
2023-06-13,30,FIEG,-0.024151514,NA,NA,0,NA,NA,1.390002673,-0.1299299653
2023-06-14,30,FIEG,NA,NA,NA,0,NA,NA,NA,NA
2023-06-15,30,FIEG,NA,NA,NA,0,NA,NA,NA,NA
2023-06-16,30,FIEG,NA,NA,NA,0,NA,NA,NA,NA
2023-06-17,30,FIEG,NA,NA,NA,0,NA,NA,NA,NA
2023-06-18,30,FIEG,-0.0212518,NA,NA,0,NA,NA,5.109649123,-0.0815745614
2023-06-19,30,FIEG,NA,NA,NA,0,NA,NA,NA,NA
2023-06-20,30,FIEG,NA,NA,NA,0,NA,NA,NA,NA
2023-06-21,30,FIEG,NA,NA,0,0,NA,NA,NA,NA
2023-06-22,30,FIEG,NA,NA,NA,0,NA,NA,NA,NA
2023-06-23,30,FIEG,NA,NA,NA,1032.216,NA,NA,NA,NA
2023-06-24,30,FIEG,NA,NA,NA,0,NA,NA,NA,NA
2023-06-25,30,FIEG,NA,NA,NA,0,NA,NA,NA,NA
2023-06-26,30,FIEG,NA,NA,4160,0,NA,NA,NA,NA
2023-06-27,30,FIEG,NA,NA,NA,0,NA,NA,NA,NA
2023-06-28,30,FIEG,NA,228.075,NA,0,NA,NA,NA,NA
2023-06-29,30,FIEG,NA,228.0227273,4330,0,NA,NA,NA,NA
2023-06-30,30,FIEG,0.036630569,227.6208333,NA,3323.232,NA,NA,24.90927566,0.1758205836
2023-07-01,30,FIEG,NA,NA,NA,906.336,NA,NA,NA,NA
2023-07-02,30,FIEG,NA,NA,NA,0,NA,NA,NA,NA
2023-07-03,30,FIEG,NA,NA,NA,0,NA,NA,NA,NA
2023-07-04,30,FIEG,NA,NA,NA,0,NA,NA,NA,NA
2023-07-05,30,FIEG,0.103925804,NA,0,0,NA,NA,37.9422775,0.3452496075
2023-07-06,30,FIEG,NA,NA,NA,0,NA,NA,NA,NA
2023-07-07,30,FIEG,NA,217.275,NA,553.872,6.534235849497845,85.48721757,NA,NA
2023-07-08,30,FIEG,NA,211.05,NA,125.88,4.690571865945404,83.95531491,NA,NA
2023-07-09,30,FIEG,0.107598879,NA,NA,0,NA,NA,42.07128099,0.3989266529
2023-07-10,30,FIEG,NA,NA,NA,4456.152,NA,NA,NA,NA
2023-07-11,30,FIEG,NA,NA,NA,453.168,NA,NA,NA,NA
2023-07-12,30,FIEG,0.100412682,NA,2670,0,NA,NA,42.14852608,0.399930839
2023-07-13,30,FIEG,NA,216.75,NA,0,6.693322259032683,91.65693928,NA,NA
2023-07-14,30,FIEG,NA,215.6791667,NA,0,6.34347629009833,88.88358333,NA,NA
2023-07-15,30,FIEG,NA,214.8458333,NA,302.112,4.2998055390763685,83.39643018,NA,NA
2023-07-16,30,FIEG,NA,214.6,NA,1435.032,4.502614802388296,82.93465384,NA,NA
2023-07-17,30,FIEG,0.119825628,213.9208333,NA,0,6.491309734424005,86.34306645,48.6923303,0.4850002939
2023-07-18,30,FIEG,NA,213.0083333,NA,0,11.647747863739548,87.4303048,NA,NA
2023-07-19,30,FIEG,NA,213.6458333,NA,0,10.407517326979445,87.71541097,NA,NA
2023-07-20,30,FIEG,0.129430521,215.8208333,NA,0,5.33223087168297,84.76662166,48.17176871,0.4782329932
2023-07-21,30,FIEG,NA,215.748,5800,0,5.303162421574527,82.15549553,NA,NA
2023-07-22,30,FIEG,NA,215,NA,0,2.972122248743333,82.46773529,NA,NA
2023-07-23,30,FIEG,NA,214.0958333,NA,0,4.054680816689564,84.0121155,NA,NA
2023-07-24,30,FIEG,NA,213.0625,NA,0,7.411746533598245,84.9826392,NA,NA
2023-07-25,30,FIEG,NA,212.8666667,NA,0,9.2754692071882765,85.56947655,NA,NA
2023-07-26,30,FIEG,0.15624695,215.0916667,NA,0,7.895742310504333,84.83968596,51.00277008,0.515036011
2023-07-27,30,FIEG,NA,215.0583333,NA,0,6.422742806977326,84.3253885,NA,NA
2023-07-28,30,FIEG,NA,213.9875,5730,0,6.3950402734856855,84.90391571,NA,NA
2023-07-29,30,FIEG,NA,212.7875,NA,0,5.074674130136744,84.26842953,NA,NA
2023-07-30,30,FIEG,NA,211.7125,NA,0,6.298773994914483,83.04122846,NA,NA
2023-07-31,30,FIEG,0.1448054,210.7708333,NA,0,5.899101497839515,84.04033507,48.12188366,0.4775844876
2023-08-01,30,FIEG,NA,NA,NA,0,NA,NA,NA,NA
2023-08-02,30,FIEG,NA,NA,NA,0,NA,NA,NA,NA
2023-08-03,30,FIEG,NA,NA,NA,0,NA,NA,NA,NA
2023-08-04,30,FIEG,0.158063156,NA,NA,0,NA,NA,49.13019391,0.4906925208
2023-08-05,30,FIEG,NA,NA,NA,0,NA,NA,NA,NA
2023-08-06,30,FIEG,NA,NA,NA,0,NA,NA,NA,NA
2023-08-07,30,FIEG,0.153419828,215.9625,5950,276.936,4.986457007818808,82.56027878,47.65625,0.47153125
2023-08-08,30,FIEG,NA,210.25,NA,0,7.576063309338275,87.21057437,NA,NA
2023-08-09,30,FIEG,NA,NA,NA,0,NA,NA,NA,NA
2023-08-10,30,FIEG,NA,NA,NA,0,NA,NA,NA,NA
2023-08-11,30,FIEG,0.15469034,NA,7550,0,NA,NA,47.32691794,0.4672499332
2023-08-12,30,FIEG,NA,NA,NA,276.936,NA,NA,NA,NA
2023-08-13,30,FIEG,NA,213.2,NA,730.104,6.526020760164731,87.55674665,NA,NA
2023-08-14,30,FIEG,NA,212.0333333,NA,0,4.289966572368692,78.72518528,NA,NA
2023-08-15,30,FIEG,NA,211.05,NA,0,3.9328414875638655,79.2391834,NA,NA
2023-08-16,30,FIEG,0.160120819,210.2166667,NA,0,6.09173128224056,84.03253664,42.82769097,0.4087599826
2023-08-17,30,FIEG,NA,210.6333333,NA,0,6.24904608489395,86.88404682,NA,NA
2023-08-18,30,FIEG,NA,214.4166667,NA,0,6.440662397149828,86.92235632,NA,NA
2023-08-19,30,FIEG,NA,216.65,NA,0,6.893065334405671,83.5758034,NA,NA
2023-08-20,30,FIEG,NA,216.1333333,NA,0,5.4021989895281886,82.06158328,NA,NA
2023-08-21,30,FIEG,NA,214.7333333,9370,0,6.271405922150108,85.20992241,NA,NA
2023-08-22,30,FIEG,NA,213.3833333,NA,0,4.5775654431880985,84.88410741,NA,NA
2023-08-23,30,FIEG,NA,212.2666667,NA,0,5.216271118965082,83.1629015,NA,NA
2023-08-24,30,FIEG,0.183259177,211.3333333,NA,0,4.099551102064707,83.46461785,41.4893617,0.3913617021
2023-08-25,30,FIEG,NA,211.8,NA,0,5.506129476307294,82.84607647,NA,NA
2023-08-26,30,FIEG,NA,214.2333333,NA,0,4.722051795242134,82.19844779,NA,NA
2023-08-27,30,FIEG,NA,214.3,NA,0,3.199208562482251,81.89732007,NA,NA
2023-08-28,30,FIEG,NA,213.8166667,NA,0,3.0212240618448214,80.92993357,NA,NA
2023-08-29,30,FIEG,NA,213.05,NA,201.408,4.92114731832688,78.36317464,NA,NA
2023-08-30,30,FIEG,NA,212.1916667,5250,0,2.384700466523309,78.70423394,NA,NA
2023-08-31,30,FIEG,NA,211.3,NA,0,3.5962140391486423,79.59314184,NA,NA
2023-09-01,30,FIEG,NA,NA,NA,0,NA,NA,NA,NA
2023-09-02,30,FIEG,NA,NA,NA,0,NA,NA,NA,NA
2023-09-03,30,FIEG,NA,NA,NA,0,NA,NA,NA,NA
2023-09-04,30,FIEG,NA,NA,NA,25.176,NA,NA,NA,NA
2023-09-05,30,FIEG,0.184641694,NA,NA,0,NA,NA,29.00633771,0.2290823902
2023-09-06,30,FIEG,NA,NA,NA,0,NA,NA,NA,NA
2023-09-07,30,FIEG,NA,214.8625,NA,0,NA,82.78480192,NA,NA
2023-09-08,30,FIEG,NA,209.5333333,NA,0,NA,86.33492243,NA,NA
2023-09-09,30,FIEG,NA,NA,NA,0,NA,NA,NA,NA
2023-09-10,30,FIEG,NA,NA,NA,981.864,NA,NA,NA,NA
2023-09-11,30,FIEG,NA,NA,8550,453.168,NA,NA,NA,NA
2023-09-12,30,FIEG,NA,NA,NA,0,NA,NA,NA,NA
2023-09-13,30,FIEG,NA,NA,NA,0,NA,NA,NA,NA
2023-09-14,30,FIEG,NA,NA,NA,9516.528,NA,NA,NA,NA
2023-09-15,30,FIEG,NA,NA,NA,11278.848,NA,NA,NA,NA
2023-09-16,30,FIEG,NA,NA,NA,4632.384,NA,NA,NA,NA
2023-09-17,30,FIEG,NA,NA,NA,0,NA,NA,NA,NA
2023-09-18,30,FIEG,NA,NA,NA,0,NA,NA,NA,NA
2023-09-19,30,FIEG,NA,NA,NA,0,NA,NA,NA,NA
2023-09-20,30,FIEG,NA,NA,NA,0,NA,NA,NA,NA
2023-09-21,30,FIEG,NA,NA,NA,25.176,NA,NA,NA,NA
2023-09-22,30,FIEG,NA,NA,NA,0,NA,NA,NA,NA
2023-09-23,30,FIEG,NA,NA,NA,0,NA,NA,NA,NA
2023-09-24,30,FIEG,NA,NA,NA,0,NA,NA,NA,NA
2023-09-25,30,FIEG,NA,NA,NA,0,NA,NA,NA,NA
2023-09-26,30,FIEG,NA,NA,NA,0,NA,NA,NA,NA
2023-09-27,30,FIEG,NA,NA,NA,0,NA,NA,NA,NA
2023-09-28,30,FIEG,NA,NA,NA,0,NA,NA,NA,NA
2023-09-29,30,FIEG,NA,NA,NA,276.936,NA,NA,NA,NA
2023-09-30,30,FIEG,NA,NA,NA,0,NA,NA,NA,NA
2023-10-01,30,FIEG,NA,NA,NA,0,NA,NA,NA,NA
2023-10-02,30,FIEG,NA,NA,NA,6797.52,NA,NA,NA,NA
2023-10-03,30,FIEG,NA,NA,NA,7426.92,NA,NA,NA,NA
2023-10-04,30,FIEG,NA,NA,NA,1888.2,NA,NA,NA,NA
2023-10-05,30,FIEG,NA,NA,NA,0,NA,NA,NA,NA
2023-10-06,30,FIEG,NA,NA,NA,0,NA,NA,NA,NA
2023-10-07,30,FIEG,NA,213.8958333,NA,0,NA,83.93458201,NA,NA
2023-10-08,30,FIEG,NA,210.3333333,NA,0,NA,86.8825539,NA,NA
2023-10-09,30,FIEG,NA,NA,NA,0,NA,NA,NA,NA
2023-10-10,30,FIEG,NA,NA,NA,25.176,NA,NA,NA,NA
2023-10-11,30,FIEG,NA,NA,NA,0,NA,NA,NA,NA
2023-10-12,30,FIEG,NA,NA,NA,0,NA,NA,NA,NA
2023-10-13,30,FIEG,NA,NA,NA,0,NA,NA,NA,NA
2023-10-14,30,FIEG,NA,NA,NA,0,NA,NA,NA,NA
2023-10-15,30,FIEG,NA,NA,NA,0,NA,NA,NA,NA
2023-10-16,30,FIEG,NA,NA,NA,0,NA,NA,NA,NA
2023-10-17,30,FIEG,NA,NA,NA,0,NA,NA,NA,NA
2023-10-18,30,FIEG,NA,NA,NA,0,NA,NA,NA,NA
2023-10-19,30,FIEG,NA,NA,NA,0,NA,NA,NA,NA
2023-10-20,30,FIEG,NA,NA,NA,0,NA,NA,NA,NA
2023-10-21,30,FIEG,NA,NA,NA,0,NA,NA,NA,NA
2023-10-22,30,FIEG,NA,NA,NA,0,NA,NA,NA,NA
2023-10-23,30,FIEG,NA,NA,NA,3222.528,NA,NA,NA,NA
2023-10-24,30,FIEG,NA,NA,NA,3776.4,NA,NA,NA,NA
2023-10-25,30,FIEG,NA,NA,NA,2517.6,NA,NA,NA,NA
2023-10-26,30,FIEG,NA,NA,NA,0,NA,NA,NA,NA
2023-10-27,30,FIEG,NA,NA,NA,0,NA,NA,NA,NA
2023-10-28,30,FIEG,NA,NA,NA,604.224,NA,NA,NA,NA
2023-10-29,30,FIEG,NA,NA,NA,251.76,NA,NA,NA,NA
2023-10-30,30,FIEG,NA,NA,NA,0,NA,NA,NA,NA
2023-10-31,30,FIEG,NA,NA,NA,0,NA,NA,NA,NA
2023-05-01,46,DIEG,NA,NA,NA,0,NA,NA,NA,NA
2023-05-02,46,DIEG,NA,NA,NA,906.336,NA,NA,NA,NA
2023-05-03,46,DIEG,NA,NA,NA,5060.376,NA,NA,NA,NA
2023-05-04,46,DIEG,NA,NA,NA,0,NA,NA,NA,NA
2023-05-05,46,DIEG,NA,NA,NA,0,NA,NA,NA,NA
2023-05-06,46,DIEG,NA,NA,NA,0,NA,NA,NA,NA
2023-05-07,46,DIEG,NA,223.975,NA,0,NA,NA,NA,NA
2023-05-08,46,DIEG,NA,218.6333333,NA,0,NA,88.45906378,NA,NA
2023-05-09,46,DIEG,NA,213.9166667,NA,0,NA,84.76233979,NA,NA
2023-05-10,46,DIEG,NA,NA,NA,0,NA,NA,NA,NA
2023-05-11,46,DIEG,-0.048865542,NA,NA,3952.632,NA,NA,0,-0.148
2023-05-12,46,DIEG,NA,NA,NA,0,NA,NA,NA,NA
2023-05-13,46,DIEG,NA,NA,NA,4531.68,NA,NA,NA,NA
2023-05-14,46,DIEG,NA,NA,NA,855.984,NA,NA,NA,NA
2023-05-15,46,DIEG,NA,NA,NA,0,NA,NA,NA,NA
2023-05-16,46,DIEG,NA,NA,NA,0,NA,NA,NA,NA
2023-05-17,46,DIEG,-0.039407341,NA,NA,50.352,NA,NA,0,-0.148
2023-05-18,46,DIEG,NA,NA,NA,0,NA,NA,NA,NA
2023-05-19,46,DIEG,NA,NA,NA,352.464,NA,NA,NA,NA
2023-05-20,46,DIEG,NA,NA,NA,0,NA,NA,NA,NA
2023-05-21,46,DIEG,NA,NA,NA,503.52,NA,NA,NA,NA
2023-05-22,46,DIEG,NA,NA,NA,6520.584,NA,NA,NA,NA
2023-05-23,46,DIEG,-0.045310682,NA,NA,1283.976,NA,NA,0,-0.148
2023-05-24,46,DIEG,NA,NA,NA,0,NA,NA,NA,NA
2023-05-25,46,DIEG,NA,NA,NA,5337.312,NA,NA,NA,NA
2023-05-26,46,DIEG,NA,NA,NA,3826.752,NA,NA,NA,NA
2023-05-27,46,DIEG,NA,NA,NA,3197.352,NA,NA,NA,NA
2023-05-28,46,DIEG,NA,NA,NA,2769.36,NA,NA,NA,NA
2023-05-29,46,DIEG,NA,NA,NA,0,NA,NA,NA,NA
2023-05-30,46,DIEG,NA,NA,NA,0,NA,NA,NA,NA
2023-05-31,46,DIEG,NA,NA,NA,276.936,NA,NA,NA,NA
2023-06-01,46,DIEG,NA,NA,NA,1686.792,NA,NA,NA,NA
2023-06-02,46,DIEG,NA,NA,NA,1812.672,NA,NA,NA,NA
2023-06-03,46,DIEG,NA,NA,NA,2114.784,NA,NA,NA,NA
2023-06-04,46,DIEG,NA,NA,NA,50.352,NA,NA,NA,NA
2023-06-05,46,DIEG,NA,NA,NA,75.528,NA,NA,NA,NA
2023-06-06,46,DIEG,NA,NA,NA,0,NA,NA,NA,NA
2023-06-07,46,DIEG,NA,222.7458333,NA,2719.008,NA,NA,NA,NA
2023-06-08,46,DIEG,NA,217.9,NA,0,4.99099717722734,87.45687746,NA,NA
2023-06-09,46,DIEG,-0.029463939,NA,NA,0,NA,NA,0,-0.148
2023-06-10,46,DIEG,NA,NA,NA,0,NA,NA,NA,NA
2023-06-11,46,DIEG,NA,NA,NA,0,NA,NA,NA,NA
2023-06-12,46,DIEG,NA,NA,NA,0,NA,NA,NA,NA
2023-06-13,46,DIEG,-0.01135302,238.0041667,NA,0,NA,NA,1.664684899,-0.1263590963
2023-06-14,46,DIEG,NA,236.9833333,NA,0,NA,NA,NA,NA
2023-06-15,46,DIEG,NA,235.7916667,NA,0,NA,NA,NA,NA
2023-06-16,46,DIEG,NA,234.7125,NA,0,NA,NA,NA,NA
2023-06-17,46,DIEG,NA,233.726087,NA,0,NA,NA,NA,NA
2023-06-18,46,DIEG,-0.008238275,232.7833333,NA,0,NA,NA,2.63671875,-0.1137226563
2023-06-19,46,DIEG,NA,231.3708333,NA,0,NA,NA,NA,NA
2023-06-20,46,DIEG,NA,229.9291667,NA,0,NA,NA,NA,NA
2023-06-21,46,DIEG,NA,228.6083333,0,0,NA,NA,NA,NA
2023-06-22,46,DIEG,NA,227.7208333,NA,0,NA,NA,NA,NA
2023-06-23,46,DIEG,NA,230.15,NA,1032.216,NA,NA,NA,NA
2023-06-24,46,DIEG,NA,230.3,NA,0,NA,NA,NA,NA
2023-06-25,46,DIEG,NA,229.6541667,NA,0,NA,NA,NA,NA
2023-06-26,46,DIEG,NA,228.9375,4000,0,NA,NA,NA,NA
2023-06-27,46,DIEG,NA,227.9375,NA,0,NA,NA,NA,NA
2023-06-28,46,DIEG,NA,227.65,NA,0,NA,NA,NA,NA
2023-06-29,46,DIEG,NA,226.7363636,1570,0,NA,NA,NA,NA
2023-06-30,46,DIEG,0.02293181,226.5458333,NA,3323.232,NA,NA,11.34538153,-5.1004011e-4
2023-07-01,46,DIEG,NA,NA,NA,906.336,NA,NA,NA,NA
2023-07-02,46,DIEG,NA,NA,NA,0,NA,NA,NA,NA
2023-07-03,46,DIEG,NA,NA,NA,0,NA,NA,NA,NA
2023-07-04,46,DIEG,NA,NA,NA,0,NA,NA,NA,NA
2023-07-05,46,DIEG,0.071852964,NA,0,0,NA,NA,23.75316991,0.1607912088
2023-07-06,46,DIEG,NA,241.4571429,NA,0,NA,NA,NA,NA
2023-07-07,46,DIEG,NA,221.625,NA,553.872,6.534235849497845,85.48721757,NA,NA
2023-07-08,46,DIEG,NA,216.8833333,NA,125.88,4.690571865945404,83.95531491,NA,NA
2023-07-09,46,DIEG,0.077758496,NA,NA,0,NA,NA,26.12345041,0.1916048553
2023-07-10,46,DIEG,NA,NA,NA,4456.152,NA,NA,NA,NA
2023-07-11,46,DIEG,NA,NA,NA,453.168,NA,NA,NA,NA
2023-07-12,46,DIEG,0.070075539,NA,2830,0,NA,NA,28.45804989,0.2219546486
2023-07-13,46,DIEG,NA,221,NA,0,6.693322259032683,91.65693928,NA,NA
2023-07-14,46,DIEG,NA,219.975,NA,0,6.34347629009833,88.88358333,NA,NA
2023-07-15,46,DIEG,NA,219.3227273,NA,302.112,4.2998055390763685,83.39643018,NA,NA
2023-07-16,46,DIEG,NA,219.4041667,NA,1435.032,4.502614802388296,82.93465384,NA,NA
2023-07-17,46,DIEG,0.077404481,218.7208333,NA,0,6.491309734424005,86.34306645,29.69958358,0.2380945865
2023-07-18,46,DIEG,NA,217.6333333,NA,0,11.647747863739548,87.4303048,NA,NA
2023-07-19,46,DIEG,NA,219.4875,NA,0,10.407517326979445,87.71541097,NA,NA
2023-07-20,46,DIEG,0.096947366,222.8833333,NA,0,5.33223087168297,84.76662166,32.4982699,0.2744775087
2023-07-21,46,DIEG,NA,222.6333333,5820,0,5.303162421574527,82.15549553,NA,NA
2023-07-22,46,DIEG,NA,221.6958333,NA,0,2.972122248743333,82.46773529,NA,NA
2023-07-23,46,DIEG,NA,220.575,NA,0,4.054680816689564,84.0121155,NA,NA
2023-07-24,46,DIEG,NA,219.1166667,NA,0,7.411746533598245,84.9826392,NA,NA
2023-07-25,46,DIEG,NA,219.8833333,NA,0,9.2754692071882765,85.56947655,NA,NA
2023-07-26,46,DIEG,0.100749363,222.8041667,NA,0,7.895742310504333,84.83968596,35.09868421,0.3082828947
2023-07-27,46,DIEG,NA,222.1916667,NA,0,6.422742806977326,84.3253885,NA,NA
2023-07-28,46,DIEG,NA,220.7583333,4790,0,6.3950402734856855,84.90391571,NA,NA
2023-07-29,46,DIEG,NA,219.3333333,NA,0,5.074674130136744,84.26842953,NA,NA
2023-07-30,46,DIEG,NA,218.0666667,NA,0,6.298773994914483,83.04122846,NA,NA
2023-07-31,46,DIEG,0.091415962,217.0583333,NA,0,5.899101497839515,84.04033507,32.32132964,0.2721772853
2023-08-01,46,DIEG,NA,NA,NA,0,NA,NA,NA,NA
2023-08-02,46,DIEG,NA,NA,NA,0,NA,NA,NA,NA
2023-08-03,46,DIEG,NA,NA,NA,0,NA,NA,NA,NA
2023-08-04,46,DIEG,0.096672682,NA,NA,0,NA,NA,32.98614958,0.2808199445
2023-08-05,46,DIEG,NA,NA,NA,0,NA,NA,NA,NA
2023-08-06,46,DIEG,NA,242.4791667,NA,0,7.058979860153696,NA,NA,NA
2023-08-07,46,DIEG,0.091512855,220.925,4730,276.936,4.986457007818808,82.56027878,32.42324561,0.2735021929
2023-08-08,46,DIEG,NA,216.0833333,NA,0,7.576063309338275,87.21057437,NA,NA
2023-08-09,46,DIEG,NA,NA,NA,0,NA,NA,NA,NA
2023-08-10,46,DIEG,NA,NA,NA,0,NA,NA,NA,NA
2023-08-11,46,DIEG,0.096147179,NA,5230,0,NA,NA,33.19967923,0.28359583
2023-08-12,46,DIEG,NA,NA,NA,276.936,NA,NA,NA,NA
2023-08-13,46,DIEG,NA,218.2166667,NA,730.104,6.526020760164731,87.55674665,NA,NA
2023-08-14,46,DIEG,NA,217.25,NA,0,4.289966572368692,78.72518528,NA,NA
2023-08-15,46,DIEG,NA,216.4666667,NA,0,3.9328414875638655,79.2391834,NA,NA
2023-08-16,46,DIEG,0.085425253,215.7666667,NA,0,6.09173128224056,84.03253664,26.19201031,0.192496134
2023-08-17,46,DIEG,NA,217.5,NA,0,6.24904608489395,86.88404682,NA,NA
2023-08-18,46,DIEG,NA,221.8666667,NA,0,6.438511910083366,86.61226573,NA,NA
2023-08-19,46,DIEG,NA,221.9166667,NA,0,11.422902196621454,83.72359882,NA,NA
2023-08-20,46,DIEG,NA,220.7333333,NA,0,5.4021989895281886,82.06158328,NA,NA
2023-08-21,46,DIEG,NA,219.5333333,6270,0,6.271405922150108,85.20992241,NA,NA
2023-08-22,46,DIEG,NA,218.4,NA,0,4.5775654431880985,84.88410741,NA,NA
2023-08-23,46,DIEG,NA,217.4833333,NA,0,5.216271118965082,83.1629015,NA,NA
2023-08-24,46,DIEG,0.069458285,216.6666667,NA,0,4.099551102064707,83.46461785,19.79402445,0.1093223179
2023-08-25,46,DIEG,NA,217.9333333,NA,0,5.506129476307294,82.84607647,NA,NA
2023-08-26,46,DIEG,NA,218.55,NA,0,4.722051795242134,82.19844779,NA,NA
2023-08-27,46,DIEG,NA,218.1333333,NA,0,3.199208562482251,81.89732007,NA,NA
2023-08-28,46,DIEG,NA,217.7333333,NA,0,3.0212240618448214,80.92993357,NA,NA
2023-08-29,46,DIEG,NA,217.2,NA,201.408,4.92114731832688,78.36317464,NA,NA
2023-08-30,46,DIEG,NA,216.6958333,2890,0,2.384700466523309,78.70423394,NA,NA
2023-08-31,46,DIEG,NA,216.1458333,NA,0,3.5962140391486423,79.59314184,NA,NA
2023-09-01,46,DIEG,NA,NA,NA,0,NA,NA,NA,NA
2023-09-02,46,DIEG,NA,NA,NA,0,NA,NA,NA,NA
2023-09-03,46,DIEG,NA,NA,NA,0,NA,NA,NA,NA
2023-09-04,46,DIEG,NA,NA,NA,25.176,NA,NA,NA,NA
2023-09-05,46,DIEG,-0.015937246,NA,NA,0,NA,NA,1.601343785,-0.1271825308
2023-09-06,46,DIEG,NA,241.5125,NA,0,NA,NA,NA,NA
2023-09-07,46,DIEG,NA,219.7958333,NA,0,NA,82.78480192,NA,NA
2023-09-08,46,DIEG,NA,215.35,NA,0,NA,86.33492243,NA,NA
2023-09-09,46,DIEG,NA,NA,NA,0,NA,NA,NA,NA
2023-09-10,46,DIEG,NA,NA,NA,981.864,NA,NA,NA,NA
2023-09-11,46,DIEG,NA,NA,1510,453.168,NA,NA,NA,NA
2023-09-12,46,DIEG,NA,NA,NA,0,NA,NA,NA,NA
2023-09-13,46,DIEG,NA,NA,NA,0,NA,NA,NA,NA
2023-09-14,46,DIEG,NA,NA,NA,9516.528,NA,NA,NA,NA
2023-09-15,46,DIEG,NA,NA,NA,11278.848,NA,NA,NA,NA
2023-09-16,46,DIEG,NA,NA,NA,4632.384,NA,NA,NA,NA
2023-09-17,46,DIEG,NA,NA,NA,0,NA,NA,NA,NA
2023-09-18,46,DIEG,NA,NA,NA,0,NA,NA,NA,NA
2023-09-19,46,DIEG,NA,NA,NA,0,NA,NA,NA,NA
2023-09-20,46,DIEG,NA,NA,NA,0,NA,NA,NA,NA
2023-09-21,46,DIEG,NA,NA,NA,25.176,NA,NA,NA,NA
2023-09-22,46,DIEG,NA,NA,NA,0,NA,NA,NA,NA
2023-09-23,46,DIEG,NA,NA,NA,0,NA,NA,NA,NA
2023-09-24,46,DIEG,NA,NA,NA,0,NA,NA,NA,NA
2023-09-25,46,DIEG,NA,NA,NA,0,NA,NA,NA,NA
2023-09-26,46,DIEG,NA,NA,NA,0,NA,NA,NA,NA
2023-09-27,46,DIEG,NA,NA,NA,0,NA,NA,NA,NA
2023-09-28,46,DIEG,NA,NA,NA,0,NA,NA,NA,NA
2023-09-29,46,DIEG,NA,NA,NA,276.936,NA,NA,NA,NA
2023-09-30,46,DIEG,NA,NA,NA,0,NA,NA,NA,NA
2023-10-01,46,DIEG,NA,NA,NA,0,NA,NA,NA,NA
2023-10-02,46,DIEG,NA,NA,NA,6797.52,NA,NA,NA,NA
2023-10-03,46,DIEG,NA,NA,NA,7426.92,NA,NA,NA,NA
2023-10-04,46,DIEG,NA,NA,NA,1888.2,NA,NA,NA,NA
2023-10-05,46,DIEG,NA,NA,NA,0,NA,NA,NA,NA
2023-10-06,46,DIEG,NA,240.5875,NA,0,NA,NA,NA,NA
2023-10-07,46,DIEG,NA,218.8375,NA,0,NA,83.93458201,NA,NA
2023-10-08,46,DIEG,NA,217.7,NA,0,NA,86.8825539,NA,NA
2023-10-09,46,DIEG,NA,NA,NA,0,NA,NA,NA,NA
2023-10-10,46,DIEG,NA,NA,NA,25.176,NA,NA,NA,NA
2023-10-11,46,DIEG,NA,NA,NA,0,NA,NA,NA,NA
2023-10-12,46,DIEG,NA,NA,NA,0,NA,NA,NA,NA
2023-10-13,46,DIEG,NA,NA,NA,0,NA,NA,NA,NA
2023-10-14,46,DIEG,NA,NA,NA,0,NA,NA,NA,NA
2023-10-15,46,DIEG,NA,NA,NA,0,NA,NA,NA,NA
2023-10-16,46,DIEG,NA,NA,NA,0,NA,NA,NA,NA
2023-10-17,46,DIEG,NA,NA,NA,0,NA,NA,NA,NA
2023-10-18,46,DIEG,NA,NA,NA,0,NA,NA,NA,NA
2023-10-19,46,DIEG,NA,NA,NA,0,NA,NA,NA,NA
2023-10-20,46,DIEG,NA,NA,NA,0,NA,NA,NA,NA
2023-10-21,46,DIEG,NA,NA,NA,0,NA,NA,NA,NA
2023-10-22,46,DIEG,NA,NA,NA,0,NA,NA,NA,NA
2023-10-23,46,DIEG,NA,NA,NA,3222.528,NA,NA,NA,NA
2023-10-24,46,DIEG,NA,NA,NA,3776.4,NA,NA,NA,NA
2023-10-25,46,DIEG,NA,NA,NA,2517.6,NA,NA,NA,NA
2023-10-26,46,DIEG,NA,NA,NA,0,NA,NA,NA,NA
2023-10-27,46,DIEG,NA,NA,NA,0,NA,NA,NA,NA
2023-10-28,46,DIEG,NA,NA,NA,604.224,NA,NA,NA,NA
2023-10-29,46,DIEG,NA,NA,NA,251.76,NA,NA,NA,NA
2023-10-30,46,DIEG,NA,NA,NA,0,NA,NA,NA,NA
2023-10-31,46,DIEG,NA,NA,NA,0,NA,NA,NA,NA
2023-05-01,47,FIEG,NA,NA,NA,0,NA,NA,NA,NA
2023-05-02,47,FIEG,NA,NA,NA,906.336,NA,NA,NA,NA
2023-05-03,47,FIEG,NA,NA,NA,5060.376,NA,NA,NA,NA
2023-05-04,47,FIEG,NA,NA,NA,0,NA,NA,NA,NA
2023-05-05,47,FIEG,NA,NA,NA,0,NA,NA,NA,NA
2023-05-06,47,FIEG,NA,NA,NA,0,NA,NA,NA,NA
2023-05-07,47,FIEG,NA,240.1166667,NA,0,NA,NA,NA,NA
2023-05-08,47,FIEG,NA,232.125,NA,0,NA,NA,NA,NA
2023-05-09,47,FIEG,NA,220.3,NA,0,NA,NA,NA,NA
2023-05-10,47,FIEG,NA,NA,NA,0,NA,NA,NA,NA
2023-05-11,47,FIEG,-0.049081904,NA,NA,3952.632,NA,NA,0,-0.148
2023-05-12,47,FIEG,NA,NA,NA,0,NA,NA,NA,NA
2023-05-13,47,FIEG,NA,NA,NA,4531.68,NA,NA,NA,NA
2023-05-14,47,FIEG,NA,NA,NA,855.984,NA,NA,NA,NA
2023-05-15,47,FIEG,NA,NA,NA,0,NA,NA,NA,NA
2023-05-16,47,FIEG,NA,NA,NA,0,NA,NA,NA,NA
2023-05-17,47,FIEG,-0.04042229,NA,NA,50.352,NA,NA,0,-0.148
2023-05-18,47,FIEG,NA,NA,NA,0,NA,NA,NA,NA
2023-05-19,47,FIEG,NA,NA,NA,352.464,NA,NA,NA,NA
2023-05-20,47,FIEG,NA,NA,NA,0,NA,NA,NA,NA
2023-05-21,47,FIEG,NA,NA,NA,503.52,NA,NA,NA,NA
2023-05-22,47,FIEG,NA,NA,NA,6520.584,NA,NA,NA,NA
2023-05-23,47,FIEG,-0.045634477,NA,NA,1283.976,NA,NA,0,-0.148
2023-05-24,47,FIEG,NA,NA,NA,0,NA,NA,NA,NA
2023-05-25,47,FIEG,NA,NA,NA,5337.312,NA,NA,NA,NA
2023-05-26,47,FIEG,NA,NA,NA,3826.752,NA,NA,NA,NA
2023-05-27,47,FIEG,NA,NA,NA,3197.352,NA,NA,NA,NA
2023-05-28,47,FIEG,NA,NA,NA,2769.36,NA,NA,NA,NA
2023-05-29,47,FIEG,NA,NA,NA,0,NA,NA,NA,NA
2023-05-30,47,FIEG,NA,NA,NA,0,NA,NA,NA,NA
2023-05-31,47,FIEG,NA,NA,NA,276.936,NA,NA,NA,NA
2023-06-01,47,FIEG,NA,NA,NA,1686.792,NA,NA,NA,NA
2023-06-02,47,FIEG,NA,NA,NA,1812.672,NA,NA,NA,NA
2023-06-03,47,FIEG,NA,NA,NA,2114.784,NA,NA,NA,NA
2023-06-04,47,FIEG,NA,NA,NA,50.352,NA,NA,NA,NA
2023-06-05,47,FIEG,NA,NA,NA,75.528,NA,NA,NA,NA
2023-06-06,47,FIEG,NA,NA,NA,0,NA,NA,NA,NA
2023-06-07,47,FIEG,NA,236.9541667,NA,2719.008,NA,NA,NA,NA
2023-06-08,47,FIEG,NA,226.2166667,NA,0,NA,NA,NA,NA
2023-06-09,47,FIEG,-0.029407355,NA,NA,0,NA,NA,0,-0.148
2023-06-10,47,FIEG,NA,NA,NA,0,NA,NA,NA,NA
2023-06-11,47,FIEG,NA,NA,NA,0,NA,NA,NA,NA
2023-06-12,47,FIEG,NA,NA,NA,0,NA,NA,NA,NA
2023-06-13,47,FIEG,-0.010145418,NA,NA,0,NA,NA,0.06605892456,-0.147141234
2023-06-14,47,FIEG,NA,NA,NA,0,NA,NA,NA,NA
2023-06-15,47,FIEG,NA,NA,NA,0,NA,NA,NA,NA
2023-06-16,47,FIEG,NA,NA,NA,0,NA,NA,NA,NA
2023-06-17,47,FIEG,NA,NA,NA,0,NA,NA,NA,NA
2023-06-18,47,FIEG,-0.00688356,NA,NA,0,NA,NA,0.274122807,-0.1444364035
2023-06-19,47,FIEG,NA,NA,NA,0,NA,NA,NA,NA
2023-06-20,47,FIEG,NA,NA,NA,0,NA,NA,NA,NA
2023-06-21,47,FIEG,NA,NA,0,0,NA,NA,NA,NA
2023-06-22,47,FIEG,NA,NA,NA,0,NA,NA,NA,NA
2023-06-23,47,FIEG,NA,NA,NA,1032.216,NA,NA,NA,NA
2023-06-24,47,FIEG,NA,NA,NA,0,NA,NA,NA,NA
2023-06-25,47,FIEG,NA,NA,NA,0,NA,NA,NA,NA
2023-06-26,47,FIEG,NA,NA,0,0,NA,NA,NA,NA
2023-06-27,47,FIEG,NA,NA,NA,0,NA,NA,NA,NA
2023-06-28,47,FIEG,NA,254.1833333,NA,0,NA,NA,NA,NA
2023-06-29,47,FIEG,NA,254.9818182,0,0,NA,NA,NA,NA
2023-06-30,47,FIEG,0.028474236,252.7125,NA,3323.232,NA,NA,11.51110466,0.00164436058
2023-07-01,47,FIEG,NA,NA,NA,906.336,NA,NA,NA,NA
2023-07-02,47,FIEG,NA,NA,NA,0,NA,NA,NA,NA
2023-07-03,47,FIEG,NA,NA,NA,0,NA,NA,NA,NA
2023-07-04,47,FIEG,NA,NA,NA,0,NA,NA,NA,NA
2023-07-05,47,FIEG,0.093749821,NA,0,0,NA,NA,27.13440406,0.2047472528
2023-07-06,47,FIEG,NA,NA,NA,0,NA,NA,NA,NA
2023-07-07,47,FIEG,NA,234.4125,NA,553.872,6.534235849497845,85.48721757,NA,NA
2023-07-08,47,FIEG,NA,221.9916667,NA,125.88,3.702302983768859,82.56027878,NA,NA
2023-07-09,47,FIEG,0.103801766,NA,NA,0,4.053027740554412,82.78480192,33.29414838,0.2848239289
2023-07-10,47,FIEG,NA,NA,NA,4456.152,4.7053208569608795,83.93458201,NA,NA
2023-07-11,47,FIEG,NA,NA,NA,453.168,7.141526965637649,88.06250679,NA,NA
2023-07-12,47,FIEG,0.097384229,NA,0,0,8.827358089945005,90.74847757,37.75510204,0.3428163265
2023-07-13,47,FIEG,NA,236.1875,NA,0,6.693322259032683,91.65693928,NA,NA
2023-07-14,47,FIEG,NA,232.9833333,NA,0,6.34347629009833,88.88358333,NA,NA
2023-07-15,47,FIEG,NA,230.6652174,NA,302.112,4.2998055390763685,83.39643018,NA,NA
2023-07-16,47,FIEG,NA,229.6,NA,1435.032,4.502614802388296,82.93465384,NA,NA
2023-07-17,47,FIEG,0.099055697,228.0458333,NA,0,6.491309734424005,86.34306645,42.92088043,0.4099714456
2023-07-18,47,FIEG,NA,230.0666667,NA,0,11.647747863739548,87.4303048,NA,NA
2023-07-19,47,FIEG,NA,242.4708333,NA,0,10.409330908157589,87.93463967,NA,NA
2023-07-20,47,FIEG,0.112677927,238.5333333,NA,0,5.333390893165133,84.94989871,46.2585034,0.4533605442
2023-07-21,47,FIEG,NA,233.0625,0,0,5.303162421574527,82.15549553,NA,NA
2023-07-22,47,FIEG,NA,229.7291667,NA,0,2.972122248743333,82.46773529,NA,NA
2023-07-23,47,FIEG,NA,227.1708333,NA,0,4.054680816689564,84.0121155,NA,NA
2023-07-24,47,FIEG,NA,225.6541667,NA,0,7.411746533598245,84.9826392,NA,NA
2023-07-25,47,FIEG,NA,239.025,NA,0,9.273389683461309,85.26114929,NA,NA
2023-07-26,47,FIEG,0.112871422,238.9416667,NA,0,7.89715941732935,85.06460822,53.90581717,0.5527756232
2023-07-27,47,FIEG,NA,231.9583333,NA,0,6.422742806977326,84.3253885,NA,NA
2023-07-28,47,FIEG,NA,226.85,0,0,6.3950402734856855,84.90391571,NA,NA
2023-07-29,47,FIEG,NA,223.4708333,NA,0,5.074674130136744,84.26842953,NA,NA
2023-07-30,47,FIEG,NA,220.85,NA,0,6.298773994914483,83.04122846,NA,NA
2023-07-31,47,FIEG,0.097779338,218.7458333,NA,0,5.899101497839515,84.04033507,46.65927978,0.4585706371
2023-08-01,47,FIEG,NA,NA,NA,0,6.778242042966687,86.61905165,NA,NA
2023-08-02,47,FIEG,NA,NA,NA,0,5.698370650331392,85.19275762,NA,NA
2023-08-03,47,FIEG,NA,NA,NA,0,6.469875006171462,85.75959995,NA,NA
2023-08-04,47,FIEG,0.107998852,NA,NA,0,6.757505557849666,88.36673087,54.50415512,0.5605540166
2023-08-05,47,FIEG,NA,NA,NA,0,8.092936927204521,88.70506721,NA,NA
2023-08-06,47,FIEG,NA,NA,NA,0,7.046811986710244,87.45687746,NA,NA
2023-08-07,47,FIEG,0.095569896,232.3708333,0,276.936,6.35246712520147,83.95531491,48.9254386,0.4880307018
2023-08-08,47,FIEG,NA,219.2708333,NA,0,7.576063309338275,87.21057437,NA,NA
2023-08-09,47,FIEG,NA,NA,NA,0,6.729471073891706,86.33492243,NA,NA
2023-08-10,47,FIEG,NA,NA,NA,0,4.933371931045564,87.23213157,NA,NA
2023-08-11,47,FIEG,0.097136805,NA,0,0,7.1342838444898,90.4931326,51.6840417,0.5238925421
2023-08-12,47,FIEG,NA,NA,NA,276.936,7.095546759856969,90.22170678,NA,NA
2023-08-13,47,FIEG,NA,222.9166667,NA,730.104,6.526020760164731,87.55674665,NA,NA
2023-08-14,47,FIEG,NA,220,NA,0,4.289966572368692,78.72518528,NA,NA
2023-08-15,47,FIEG,NA,218.0333333,NA,0,3.9328414875638655,79.2391834,NA,NA
2023-08-16,47,FIEG,0.087427055,220.1166667,NA,0,6.09173128224056,84.03253664,45.38230241,0.4419699313
2023-08-17,47,FIEG,NA,238.15,NA,0,6.250028003667362,87.02192181,NA,NA
2023-08-18,47,FIEG,NA,235.1833333,NA,0,6.441239037320772,87.02718951,NA,NA
2023-08-19,47,FIEG,NA,228.3166667,NA,0,11.422902196621454,83.72359882,NA,NA
2023-08-20,47,FIEG,NA,223.7833333,NA,0,5.4021989895281886,82.06158328,NA,NA
2023-08-21,47,FIEG,NA,220.6833333,0,0,6.271405922150108,85.20992241,NA,NA
2023-08-22,47,FIEG,NA,218.4666667,NA,0,4.5775654431880985,84.88410741,NA,NA
2023-08-23,47,FIEG,NA,217.0166667,NA,0,5.216271118965082,83.1629015,NA,NA
2023-08-24,47,FIEG,0.049323868,219.2833333,NA,0,4.099551102064707,83.46461785,25.16586593,0.1791562571
2023-08-25,47,FIEG,NA,237.9666667,NA,0,5.506688247771658,82.91829396,NA,NA
2023-08-26,47,FIEG,NA,236.6333333,NA,0,4.722898846652262,82.30938712,NA,NA
2023-08-27,47,FIEG,NA,232.1333333,NA,0,3.199208562482251,81.89732007,NA,NA
2023-08-28,47,FIEG,NA,229.05,NA,0,3.0212240618448214,80.92993357,NA,NA
2023-08-29,47,FIEG,NA,226.1166667,NA,201.408,4.92114731832688,78.36317464,NA,NA
2023-08-30,47,FIEG,NA,223.6166667,0,0,2.384700466523309,78.70423394,NA,NA
2023-08-31,47,FIEG,NA,221.3,NA,0,3.5962140391486423,79.59314184,NA,NA
2023-09-01,47,FIEG,NA,NA,NA,0,4.4223356107043825,80.82799586,NA,NA
2023-09-02,47,FIEG,NA,NA,NA,0,4.170546066376036,81.39369552,NA,NA
2023-09-03,47,FIEG,NA,NA,NA,0,5.170223318109445,80.73487048,NA,NA
2023-09-04,47,FIEG,NA,NA,NA,25.176,8.858359325499812,83.42033876,NA,NA
2023-09-05,47,FIEG,-0.012373965,NA,NA,0,6.626773911991476,84.76233979,4.064949608,-0.0951556551
2023-09-06,47,FIEG,NA,NA,NA,0,NA,NA,NA,NA
2023-09-07,47,FIEG,NA,230.7208333,NA,0,NA,NA,NA,NA
2023-09-08,47,FIEG,NA,222.3583333,NA,0,NA,NA,NA,NA
2023-09-09,47,FIEG,NA,NA,NA,0,NA,NA,NA,NA
2023-09-10,47,FIEG,NA,NA,NA,981.864,NA,NA,NA,NA
2023-09-11,47,FIEG,NA,NA,0,453.168,NA,NA,NA,NA
2023-09-12,47,FIEG,NA,NA,NA,0,NA,NA,NA,NA
2023-09-13,47,FIEG,NA,NA,NA,0,NA,NA,NA,NA
2023-09-14,47,FIEG,NA,NA,NA,9516.528,NA,NA,NA,NA
2023-09-15,47,FIEG,NA,NA,NA,11278.848,NA,NA,NA,NA
2023-09-16,47,FIEG,NA,NA,NA,4632.384,NA,NA,NA,NA
2023-09-17,47,FIEG,NA,NA,NA,0,NA,NA,NA,NA
2023-09-18,47,FIEG,NA,NA,NA,0,NA,NA,NA,NA
2023-09-19,47,FIEG,NA,NA,NA,0,NA,NA,NA,NA
2023-09-20,47,FIEG,NA,NA,NA,0,NA,NA,NA,NA
2023-09-21,47,FIEG,NA,NA,NA,25.176,NA,NA,NA,NA
2023-09-22,47,FIEG,NA,NA,NA,0,NA,NA,NA,NA
2023-09-23,47,FIEG,NA,NA,NA,0,NA,NA,NA,NA
2023-09-24,47,FIEG,NA,NA,NA,0,NA,NA,NA,NA
2023-09-25,47,FIEG,NA,NA,NA,0,NA,NA,NA,NA
2023-09-26,47,FIEG,NA,NA,NA,0,NA,NA,NA,NA
2023-09-27,47,FIEG,NA,NA,NA,0,NA,NA,NA,NA
2023-09-28,47,FIEG,NA,NA,NA,0,NA,NA,NA,NA
2023-09-29,47,FIEG,NA,NA,NA,276.936,NA,NA,NA,NA
2023-09-30,47,FIEG,NA,NA,NA,0,NA,NA,NA,NA
2023-10-01,47,FIEG,NA,NA,NA,0,NA,NA,NA,NA
2023-10-02,47,FIEG,NA,NA,NA,6797.52,NA,NA,NA,NA
2023-10-03,47,FIEG,NA,NA,NA,7426.92,NA,NA,NA,NA
2023-10-04,47,FIEG,NA,NA,NA,1888.2,NA,NA,NA,NA
2023-10-05,47,FIEG,NA,NA,NA,0,NA,NA,NA,NA
2023-10-06,47,FIEG,NA,NA,NA,0,NA,NA,NA,NA
2023-10-07,47,FIEG,NA,233.4916667,NA,0,NA,NA,NA,NA
2023-10-08,47,FIEG,NA,239.3333333,NA,0,NA,NA,NA,NA
2023-10-09,47,FIEG,NA,NA,NA,0,NA,NA,NA,NA
2023-10-10,47,FIEG,NA,NA,NA,25.176,NA,NA,NA,NA
2023-10-11,47,FIEG,NA,NA,NA,0,NA,NA,NA,NA
2023-10-12,47,FIEG,NA,NA,NA,0,NA,NA,NA,NA
2023-10-13,47,FIEG,NA,NA,NA,0,NA,NA,NA,NA
2023-10-14,47,FIEG,NA,NA,NA,0,NA,NA,NA,NA
2023-10-15,47,FIEG,NA,NA,NA,0,NA,NA,NA,NA
2023-10-16,47,FIEG,NA,NA,NA,0,NA,NA,NA,NA
2023-10-17,47,FIEG,NA,NA,NA,0,NA,NA,NA,NA
2023-10-18,47,FIEG,NA,NA,NA,0,NA,NA,NA,NA
2023-10-19,47,FIEG,NA,NA,NA,0,NA,NA,NA,NA
2023-10-20,47,FIEG,NA,NA,NA,0,NA,NA,NA,NA
2023-10-21,47,FIEG,NA,NA,NA,0,NA,NA,NA,NA
2023-10-22,47,FIEG,NA,NA,NA,0,NA,NA,NA,NA
2023-10-23,47,FIEG,NA,NA,NA,3222.528,NA,NA,NA,NA
2023-10-24,47,FIEG,NA,NA,NA,3776.4,NA,NA,NA,NA
2023-10-25,47,FIEG,NA,NA,NA,2517.6,NA,NA,NA,NA
2023-10-26,47,FIEG,NA,NA,NA,0,NA,NA,NA,NA
2023-10-27,47,FIEG,NA,NA,NA,0,NA,NA,NA,NA
2023-10-28,47,FIEG,NA,NA,NA,604.224,NA,NA,NA,NA
2023-10-29,47,FIEG,NA,NA,NA,251.76,NA,NA,NA,NA
2023-10-30,47,FIEG,NA,NA,NA,0,NA,NA,NA,NA
2023-10-31,47,FIEG,NA,NA,NA,0,NA,NA,NA,NA
2023-05-01,49,FICT,NA,NA,NA,0,NA,NA,NA,NA
2023-05-02,49,FICT,NA,NA,NA,906.336,NA,NA,NA,NA
2023-05-03,49,FICT,NA,NA,NA,5060.376,NA,NA,NA,NA
2023-05-04,49,FICT,NA,NA,NA,0,NA,NA,NA,NA
2023-05-05,49,FICT,NA,NA,NA,0,NA,NA,NA,NA
2023-05-06,49,FICT,NA,NA,NA,0,NA,NA,NA,NA
2023-05-07,49,FICT,NA,231.0958333,NA,0,NA,NA,NA,NA
2023-05-08,49,FICT,NA,231,NA,0,NA,NA,NA,NA
2023-05-09,49,FICT,NA,217.5833333,NA,0,NA,NA,NA,NA
2023-05-10,49,FICT,NA,NA,NA,0,NA,NA,NA,NA
2023-05-11,49,FICT,-0.051546184,NA,NA,3952.632,NA,NA,0,-0.148
2023-05-12,49,FICT,NA,NA,NA,0,NA,NA,NA,NA
2023-05-13,49,FICT,NA,NA,NA,4531.68,NA,NA,NA,NA
2023-05-14,49,FICT,NA,NA,NA,855.984,NA,NA,NA,NA
2023-05-15,49,FICT,NA,NA,NA,0,NA,NA,NA,NA
2023-05-16,49,FICT,NA,NA,NA,0,NA,NA,NA,NA
2023-05-17,49,FICT,-0.042202254,NA,NA,50.352,NA,NA,0,-0.148
2023-05-18,49,FICT,NA,NA,NA,0,NA,NA,NA,NA
2023-05-19,49,FICT,NA,NA,NA,352.464,NA,NA,NA,NA
2023-05-20,49,FICT,NA,NA,NA,0,NA,NA,NA,NA
2023-05-21,49,FICT,NA,NA,NA,503.52,NA,NA,NA,NA
2023-05-22,49,FICT,NA,NA,NA,6520.584,NA,NA,NA,NA
2023-05-23,49,FICT,-0.047818992,NA,NA,1283.976,NA,NA,0,-0.148
2023-05-24,49,FICT,NA,NA,NA,0,NA,NA,NA,NA
2023-05-25,49,FICT,NA,NA,NA,5337.312,NA,NA,NA,NA
2023-05-26,49,FICT,NA,NA,NA,3826.752,NA,NA,NA,NA
2023-05-27,49,FICT,NA,NA,NA,3197.352,NA,NA,NA,NA
2023-05-28,49,FICT,NA,NA,NA,2769.36,NA,NA,NA,NA
2023-05-29,49,FICT,NA,NA,NA,0,NA,NA,NA,NA
2023-05-30,49,FICT,NA,NA,NA,0,NA,NA,NA,NA
2023-05-31,49,FICT,NA,NA,NA,276.936,NA,NA,NA,NA
2023-06-01,49,FICT,NA,NA,NA,1686.792,NA,NA,NA,NA
2023-06-02,49,FICT,NA,NA,NA,1812.672,NA,NA,NA,NA
2023-06-03,49,FICT,NA,NA,NA,2114.784,NA,NA,NA,NA
2023-06-04,49,FICT,NA,NA,NA,50.352,NA,NA,NA,NA
2023-06-05,49,FICT,NA,NA,NA,75.528,NA,NA,NA,NA
2023-06-06,49,FICT,NA,NA,NA,0,NA,NA,NA,NA
2023-06-07,49,FICT,NA,228.8041667,NA,2719.008,NA,NA,NA,NA
2023-06-08,49,FICT,NA,226.0791667,NA,0,NA,NA,NA,NA
2023-06-09,49,FICT,-0.033006917,NA,NA,0,NA,NA,0,-0.148
2023-06-10,49,FICT,NA,NA,NA,0,NA,NA,NA,NA
2023-06-11,49,FICT,NA,NA,NA,0,NA,NA,NA,NA
2023-06-12,49,FICT,NA,NA,NA,0,NA,NA,NA,NA
2023-06-13,49,FICT,-0.016388224,NA,NA,0,NA,NA,0.594530321,-0.1402711058
2023-06-14,49,FICT,NA,NA,NA,0,NA,NA,NA,NA
2023-06-15,49,FICT,NA,NA,NA,0,NA,NA,NA,NA
2023-06-16,49,FICT,NA,NA,NA,0,NA,NA,NA,NA
2023-06-17,49,FICT,NA,NA,NA,0,NA,NA,NA,NA
2023-06-18,49,FICT,-0.012510664,NA,NA,0,NA,NA,1.638454861,-0.1267000868
2023-06-19,49,FICT,NA,NA,NA,0,NA,NA,NA,NA
2023-06-20,49,FICT,NA,NA,NA,0,NA,NA,NA,NA
2023-06-21,49,FICT,NA,NA,0,0,NA,NA,NA,NA
2023-06-22,49,FICT,NA,NA,NA,0,NA,NA,NA,NA
2023-06-23,49,FICT,NA,NA,NA,1032.216,NA,NA,NA,NA
2023-06-24,49,FICT,NA,NA,NA,0,NA,NA,NA,NA
2023-06-25,49,FICT,NA,NA,NA,0,NA,NA,NA,NA
2023-06-26,49,FICT,NA,NA,4330,0,NA,NA,NA,NA
2023-06-27,49,FICT,NA,NA,NA,0,NA,NA,NA,NA
2023-06-28,49,FICT,NA,245.3,NA,0,NA,NA,NA,NA
2023-06-29,49,FICT,NA,243.4636364,4250,0,NA,NA,NA,NA
2023-06-30,49,FICT,0.030290935,241.0958333,NA,3323.232,NA,NA,9.783713166,-0.02081172884
2023-07-01,49,FICT,NA,NA,NA,906.336,NA,NA,NA,NA
2023-07-02,49,FICT,NA,NA,NA,0,NA,NA,NA,NA
2023-07-03,49,FICT,NA,NA,NA,0,NA,NA,NA,NA
2023-07-04,49,FICT,NA,NA,NA,0,NA,NA,NA,NA
2023-07-05,49,FICT,0.090513421,NA,0,0,NA,NA,26.28909552,0.1937582418
2023-07-06,49,FICT,NA,NA,NA,0,NA,NA,NA,NA
2023-07-07,49,FICT,NA,226.9333333,NA,553.872,6.534235849497845,85.48721757,NA,NA
2023-07-08,49,FICT,NA,222.1583333,NA,125.88,3.702302983768859,82.56027878,NA,NA
2023-07-09,49,FICT,0.092317703,NA,NA,0,4.053027740554412,82.78480192,31.62448347,0.2631182851
2023-07-10,49,FICT,NA,NA,NA,4456.152,4.7053208569608795,83.93458201,NA,NA
2023-07-11,49,FICT,NA,NA,NA,453.168,7.139669578360842,87.81294334,NA,NA
2023-07-12,49,FICT,0.085632957,NA,6290,0,8.823916317310568,90.26609506,33.84353741,0.2919659863
2023-07-13,49,FICT,NA,234.9916667,NA,0,6.693322259032683,91.65693928,NA,NA
2023-07-14,49,FICT,NA,232.0041667,NA,0,6.34347629009833,88.88358333,NA,NA
2023-07-15,49,FICT,NA,229.7869565,NA,302.112,4.2998055390763685,83.39643018,NA,NA
2023-07-16,49,FICT,NA,228.3708333,NA,1435.032,4.502614802388296,82.93465384,NA,NA
2023-07-17,49,FICT,0.112774481,226.6875,NA,0,6.491309734424005,86.34306645,41.15110054,0.386964307
2023-07-18,49,FICT,NA,225.4708333,NA,0,11.647747863739548,87.4303048,NA,NA
2023-07-19,49,FICT,NA,232.2666667,NA,0,10.4054891059532,87.45299829,NA,NA
2023-07-20,49,FICT,0.127518581,233.9375,NA,0,5.33223087168297,84.76662166,44.26020408,0.427382653
2023-07-21,49,FICT,NA,233.2958333,6510,0,5.303162421574527,82.15549553,NA,NA
2023-07-22,49,FICT,NA,230.0208333,NA,0,2.972122248743333,82.46773529,NA,NA
2023-07-23,49,FICT,NA,227.0166667,NA,0,4.054680816689564,84.0121155,NA,NA
2023-07-24,49,FICT,NA,224.1958333,NA,0,7.411746533598245,84.9826392,NA,NA
2023-07-25,49,FICT,NA,228.9458333,NA,0,9.2754692071882765,85.56947655,NA,NA
2023-07-26,49,FICT,0.139583628,235.0625,NA,0,7.896922889534724,85.02515956,46.98464912,0.4628004386
2023-07-27,49,FICT,NA,231.6958333,NA,0,6.424008473114047,84.53238788,NA,NA
2023-07-28,49,FICT,NA,227.1291667,6570,0,6.3950402734856855,84.90391571,NA,NA
2023-07-29,49,FICT,NA,223.8875,NA,0,5.074674130136744,84.26842953,NA,NA
2023-07-30,49,FICT,NA,221.6375,NA,0,6.298773994914483,83.04122846,NA,NA
2023-07-31,49,FICT,0.138835137,219.85,NA,0,5.899101497839515,84.04033507,47.80515118,0.4734669653
2023-08-01,49,FICT,NA,NA,NA,0,6.778242042966687,86.61905165,NA,NA
2023-08-02,49,FICT,NA,NA,NA,0,5.698370650331392,85.19275762,NA,NA
2023-08-03,49,FICT,NA,NA,NA,0,6.469875006171462,85.75959995,NA,NA
2023-08-04,49,FICT,0.143698503,NA,NA,0,6.7540454357119675,87.75654354,49.88365651,0.5004875346
2023-08-05,49,FICT,NA,NA,NA,0,8.089100451017906,88.13285133,NA,NA
2023-08-06,49,FICT,NA,NA,NA,0,7.046811986710244,87.45687746,NA,NA
2023-08-07,49,FICT,0.135624215,225.4666667,6310,276.936,6.35246712520147,83.95531491,49.51754386,0.4957280702
2023-08-08,49,FICT,NA,219.8458333,NA,0,7.576063309338275,87.21057437,NA,NA
2023-08-09,49,FICT,NA,NA,NA,0,6.729471073891706,86.33492243,NA,NA
2023-08-10,49,FICT,NA,NA,NA,0,4.929277453533962,86.45513941,NA,NA
2023-08-11,49,FICT,0.13233992,NA,6330,0,7.129261239342787,89.8068625,49.15797915,0.491053729
2023-08-12,49,FICT,NA,NA,NA,276.936,7.095546759856969,90.22170678,NA,NA
2023-08-13,49,FICT,NA,222.7833333,NA,730.104,6.526020760164731,87.55674665,NA,NA
2023-08-14,49,FICT,NA,220.4625,NA,0,4.289966572368692,78.72518528,NA,NA
2023-08-15,49,FICT,NA,218.9333333,NA,0,3.9328414875638655,79.2391834,NA,NA
2023-08-16,49,FICT,0.132201907,218.4166667,NA,0,6.09173128224056,84.03253664,45.73668385,0.4465768901
2023-08-17,49,FICT,NA,227.3833333,NA,0,6.246884203951275,86.56184338,NA,NA
2023-08-18,49,FICT,NA,232.4,NA,0,6.43871417845288,86.64526582,NA,NA
2023-08-19,49,FICT,NA,227.25,NA,0,6.8975901779539575,84.22341274,NA,NA
2023-08-20,49,FICT,NA,223.1333333,NA,0,5.4021989895281886,82.06158328,NA,NA
2023-08-21,49,FICT,NA,220.5666667,6330,0,6.271405922150108,85.20992241,NA,NA
2023-08-22,49,FICT,NA,218.9166667,NA,0,4.5775654431880985,84.88410741,NA,NA
2023-08-23,49,FICT,NA,217.9,NA,0,5.216271118965082,83.1629015,NA,NA
2023-08-24,49,FICT,0.117238186,217.6833333,NA,0,4.099551102064707,83.46461785,24.94852437,0.1763308168
2023-08-25,49,FICT,NA,226.9666667,NA,0,5.50449834276188,82.5840946,NA,NA
2023-08-26,49,FICT,NA,233.1333333,NA,0,4.720457911571801,81.90342968,NA,NA
2023-08-27,49,FICT,NA,230.7333333,NA,0,3.199208562482251,81.89732007,NA,NA
2023-08-28,49,FICT,NA,228.15,NA,0,3.0212240618448214,80.92993357,NA,NA
2023-08-29,49,FICT,NA,225.4666667,NA,201.408,4.92114731832688,78.36317464,NA,NA
2023-08-30,49,FICT,NA,223.1833333,6340,0,2.384700466523309,78.70423394,NA,NA
2023-08-31,49,FICT,NA,221.2333333,NA,0,3.5962140391486423,79.59314184,NA,NA
2023-09-01,49,FICT,NA,NA,NA,0,4.4223356107043825,80.82799586,NA,NA
2023-09-02,49,FICT,NA,NA,NA,0,4.170546066376036,81.39369552,NA,NA
2023-09-03,49,FICT,NA,NA,NA,0,5.170223318109445,80.73487048,NA,NA
2023-09-04,49,FICT,NA,NA,NA,25.176,8.858359325499812,83.42033876,NA,NA
2023-09-05,49,FICT,0.041354642,NA,NA,0,6.626773911991476,84.76233979,4.323223178,-0.09179809869
2023-09-06,49,FICT,NA,NA,NA,0,NA,NA,NA,NA
2023-09-07,49,FICT,NA,224.6208333,NA,0,NA,NA,NA,NA
2023-09-08,49,FICT,NA,219.2125,NA,0,NA,NA,NA,NA
2023-09-09,49,FICT,NA,NA,NA,0,NA,NA,NA,NA
2023-09-10,49,FICT,NA,NA,NA,981.864,NA,NA,NA,NA
2023-09-11,49,FICT,NA,NA,6980,453.168,NA,NA,NA,NA
2023-09-12,49,FICT,NA,NA,NA,0,NA,NA,NA,NA
2023-09-13,49,FICT,NA,NA,NA,0,NA,NA,NA,NA
2023-09-14,49,FICT,NA,NA,NA,9516.528,NA,NA,NA,NA
2023-09-15,49,FICT,NA,NA,NA,11278.848,NA,NA,NA,NA
2023-09-16,49,FICT,NA,NA,NA,4632.384,NA,NA,NA,NA
2023-09-17,49,FICT,NA,NA,NA,0,NA,NA,NA,NA
2023-09-18,49,FICT,NA,NA,NA,0,NA,NA,NA,NA
2023-09-19,49,FICT,NA,NA,NA,0,NA,NA,NA,NA
2023-09-20,49,FICT,NA,NA,NA,0,NA,NA,NA,NA
2023-09-21,49,FICT,NA,NA,NA,25.176,NA,NA,NA,NA
2023-09-22,49,FICT,NA,NA,NA,0,NA,NA,NA,NA
2023-09-23,49,FICT,NA,NA,NA,0,NA,NA,NA,NA
2023-09-24,49,FICT,NA,NA,NA,0,NA,NA,NA,NA
2023-09-25,49,FICT,NA,NA,NA,0,NA,NA,NA,NA
2023-09-26,49,FICT,NA,NA,NA,0,NA,NA,NA,NA
2023-09-27,49,FICT,NA,NA,NA,0,NA,NA,NA,NA
2023-09-28,49,FICT,NA,NA,NA,0,NA,NA,NA,NA
2023-09-29,49,FICT,NA,NA,NA,276.936,NA,NA,NA,NA
2023-09-30,49,FICT,NA,NA,NA,0,NA,NA,NA,NA
2023-10-01,49,FICT,NA,NA,NA,0,NA,NA,NA,NA
2023-10-02,49,FICT,NA,NA,NA,6797.52,NA,NA,NA,NA
2023-10-03,49,FICT,NA,NA,NA,7426.92,NA,NA,NA,NA
2023-10-04,49,FICT,NA,NA,NA,1888.2,NA,NA,NA,NA
2023-10-05,49,FICT,NA,NA,NA,0,NA,NA,NA,NA
2023-10-06,49,FICT,NA,NA,NA,0,NA,NA,NA,NA
2023-10-07,49,FICT,NA,224.7833333,NA,0,NA,NA,NA,NA
2023-10-08,49,FICT,NA,228.9916667,NA,0,NA,NA,NA,NA
2023-10-09,49,FICT,NA,NA,NA,0,NA,NA,NA,NA
2023-10-10,49,FICT,NA,NA,NA,25.176,NA,NA,NA,NA
2023-10-11,49,FICT,NA,NA,NA,0,NA,NA,NA,NA
2023-10-12,49,FICT,NA,NA,NA,0,NA,NA,NA,NA
2023-10-13,49,FICT,NA,NA,NA,0,NA,NA,NA,NA
2023-10-14,49,FICT,NA,NA,NA,0,NA,NA,NA,NA
2023-10-15,49,FICT,NA,NA,NA,0,NA,NA,NA,NA
2023-10-16,49,FICT,NA,NA,NA,0,NA,NA,NA,NA
2023-10-17,49,FICT,NA,NA,NA,0,NA,NA,NA,NA
2023-10-18,49,FICT,NA,NA,NA,0,NA,NA,NA,NA
2023-10-19,49,FICT,NA,NA,NA,0,NA,NA,NA,NA
2023-10-20,49,FICT,NA,NA,NA,0,NA,NA,NA,NA
2023-10-21,49,FICT,NA,NA,NA,0,NA,NA,NA,NA
2023-10-22,49,FICT,NA,NA,NA,0,NA,NA,NA,NA
2023-10-23,49,FICT,NA,NA,NA,3222.528,NA,NA,NA,NA
2023-10-24,49,FICT,NA,NA,NA,3776.4,NA,NA,NA,NA
2023-10-25,49,FICT,NA,NA,NA,2517.6,NA,NA,NA,NA
2023-10-26,49,FICT,NA,NA,NA,0,NA,NA,NA,NA
2023-10-27,49,FICT,NA,NA,NA,0,NA,NA,NA,NA
2023-10-28,49,FICT,NA,NA,NA,604.224,NA,NA,NA,NA
2023-10-29,49,FICT,NA,NA,NA,251.76,NA,NA,NA,NA
2023-10-30,49,FICT,NA,NA,NA,0,NA,NA,NA,NA
2023-10-31,49,FICT,NA,NA,NA,0,NA,NA,NA,NA